RunwayAreaAffected,ObstacleType, Latitude, Longitude,Elevation( in FT),Marking,Remarks
27/TKOF09/APCH,BUILDING,190508.0N,0725016.1E,94,NIL,BUILDING
27/TKOF09/APCH,BUILDING,190520.1N,0725023.9E,76,NIL,BUILDING
27/TKOF09/APCH,TREE,190515.2N,0725036.1E,69,NIL,TREE
27/TKOF09/APCH,BUILDING,190525.5N,0725031.5E,65,NIL,BUILDING
27/TKOF09/APCH,BUILDING,190523.5N,0725031.3E,61,NIL,BUILDING
27/TKOF09/APCH,BUILDING,190519.1N,0725029.9E,60,NIL,BUILDING
27/TKOF09/APCH,BUILDING,190517.6N,0725031.3E,60,NIL,BUILDING
27/TKOF09/APCH,BUILDING,190525.8N,0725027.0E,66,NIL,BUILDING
27/TKOF09/APCH,BUILDING,190522.4N,0725018.6E,92,NIL,BUILDING
27/TKOF09/APCH,BUILDING,190510.8N,0725018.2E,90,NIL,BUILDING
27/TKOF09/APCH,BUILDING,190510.1N,0725016.5E,93,NIL,BUILDING
27/TKOF09/APCH,ELECTRICAL SYSTEM,190524.8N,0725034.4E,52,NIL,ELECTRIC TRACTION OVERHEAD FRAME
27/TKOF09/APCH,BUILDING,190510.6N,0725013.2E,105,NIL,BUILDING
27/TKOF09/APCH,BUILDING,190507.4N,0725008.1E,112,NIL,BUILDING
27/TKOF09/APCH,BUILDING,190523.6N,0725017.2E,99,NIL,BUILDING
27/TKOF09/APCH,ANTENNA,190524.5N,0725010.2E,100,LGTD,CELLPHONE MAST
27/TKOF09/APCH,TREE,190517.3N,0725035.9E,65,NIL,TREE
27/TKOF09/APCH,TREE,190518.4N,0725036.0E,51,NIL,TREE
27/TKOF09/APCH,BUILDING,190511.3N,0725030.9E,79,NIL,BUILDING
27/TKOF09/APCH,BUILDING,190522.9N,0725024.4E,84,NIL,BUILDING
27/TKOF09/APCH,BUILDING,190521.8N,0725020.6E,83,NIL,BUILDING
27/TKOF09/APCH,BUILDING,190521.4N,0725018.4E,90,NIL,BUILDING
27/TKOF09/APCH,BUILDING,190507.9N,0725015.1E,89,NIL,BUILDING
27/TKOF09/APCH,BUILDING,190508.0N,0725014.2E,101,NIL,BUILDING
27/TKOF09/APCH,BUILDING,190521.1N,0725031.6E,64,NIL,BUILDING
27/TKOF09/APCH,BUILDING,190519.6N,0725030.9E,63,NIL,BUILDING
27/TKOF09/APCH,BUILDING,190518.8N,0725031.7E,63,NIL,BUILDING
27/TKOF09/APCH,BUILDING,190518.3N,0725031.0E,63,NIL,BUILDING
27/TKOF09/APCH,BUILDING,190522.3N,0725016.7E,98,NIL,BUILDING
27/TKOF09/APCH,BUILDING,190523.4N,0725036.0E,50,NIL,BUILDING
27/TKOF09/APCH,BUILDING,190514.0N,0725029.9E,69,NIL,BUILDING
27/TKOF09/APCH,BUILDING,190514.5N,0725040.4E,44,NIL,BUILDING
27/TKOF09/APCH,BUILDING,190512.3N,0725038.2E,50,NIL,BUILDING
27/TKOF09/APCH,BUILDING,190513.6N,0725037.9E,52,NIL,BUILDING
27/TKOF09/APCH,BUILDING,190514.6N,0725037.5E,51,NIL,BUILDING
27/TKOF09/APCH,BUILDING,190511.4N,0725010.3E,98,NIL,BUILDING
27/TKOF09/APCH,BUILDING,190512.4N,0725008.3E,108,NIL,BUILDING
27/TKOF09/APCH,BUILDING,190507.9N,0725006.1E,119,NIL,BUILDING
27/TKOF09/APCH,BUILDING,190517.1N,0725016.8E,86,NIL,BUILDING
27/TKOF09/APCH,BUILDING,190524.1N,0725035.4E,50,NIL,BUILDING
27/TKOF09/APCH,BUILDING,190509.8N,0725006.1E,114,NIL,BUILDING
27/TKOF09/APCH,BUILDING,190510.3N,0725025.9E,109,NIL,BUILDING
27/TKOF09/APCH,BUILDING,190524.9N,0725013.8E,116,NIL,MOSQUE
27/TKOF09/APCH,BUILDING,190524.1N,0725018.8E,92,NIL,BUILDING
27/TKOF09/APCH,BUILDING,190520.5N,0725029.9E,79,NIL,BUILDING
27/TKOF09/APCH,TREE,190520.7N,0725030.8E,66,NIL,TREE
27/TKOF09/APCH,TREE,190517.2N,0725030.8E,74,NIL,COCONUT TREE
27/TKOF09/APCH,TREE,190515.0N,0725039.8E,53,NIL,TREE
27/TKOF09/APCH,TREE,190516.6N,0725036.1E,55,NIL,TREE
27/TKOF09/APCH,TREE,190516.1N,0725039.2E,54,NIL,TREE
27/TKOF09/APCH,TREE,190514.6N,0725035.0E,89,NIL,TREE
27/TKOF09/APCH,TREE,190522.1N,0725034.6E,70,NIL,COCONUT TREE
27/TKOF09/APCH,TREE,190519.4N,0725034.3E,66,NIL,COCONUT TREE
27/TKOF09/APCH,TREE,190519.5N,0725032.2E,68,NIL,COCONUT TREE
27/TKOF09/APCH,TREE,190519.7N,0725029.4E,64,NIL,TREE
27/TKOF09/APCH,TREE,190520.5N,0725027.1E,74,NIL,COTTON TREE
27/TKOF09/APCH,TREE,190521.2N,0725030.5E,63,NIL,COCONUT TREE
27/TKOF09/APCH,TREE,190521.6N,0725030.6E,59,NIL,TREE
27/TKOF09/APCH,TREE,190517.4N,0725029.5E,67,NIL,TREE
27/TKOF09/APCH,TREE,190514.7N,0725042.4E,66,NIL,COCONUT TREE
27/TKOF09/APCH,TREE,190513.6N,0725045.1E,44,NIL,TREE
27/TKOF09/APCH,ELECTRICAL SYSTEM,190516.4N,0725033.1E,54,NIL,ELECTRIC TRACTION OVERHEAD FRAME
27/TKOF09/APCH,ANTENNA,190514.7N,0725109.0E,68,NIL,GP ANTENNA (RWY 09)
27/TKOF09/APCH,ANTENNA,190514.6N,0725107.5E,39,NIL,GP MONITOR ANTENNA (RWY 09)
27/TKOF09/APCH,ANTENNA,190520.1N,0725040.9E,38,NIL,ANTENNA ON LLZ BUILDING
27/TKOF09/APCH,ELECTRICAL SYSTEM,190522.6N,0725033.9E,52,NIL,ELECTRIC TRACTION OVERHEAD FRAME
27/TKOF09/APCH,BUILDING,190514.2N,0725043.2E,35,NIL,PUCCA HOUSE
27/TKOF09/APCH,BUILDING,190523.6N,0725035.1E,50,NIL,BUILDING
27/TKOF09/APCH,BUILDING,190519.4N,0725034.8E,53,NIL,BUILDING
27/TKOF09/APCH,BUILDING,190520.3N,0725023.6E,75,NIL,BUILDING
27/TKOF09/APCH,BUILDING,190522.5N,0725035.8E,49,NIL,BUILDING
27/TKOF09/APCH,BUILDING,190520.2N,0725031.7E,59,NIL,BUILDING
27/TKOF09/APCH,BUILDING,190514.2N,0725037.6E,50,NIL,BUILDING
27/TKOF09/APCH,BUILDING,190517.0N,0725036.2E,50,NIL,BUILDING
27/TKOF09/APCH,BUILDING,190519.4N,0725034.8E,55,NIL,BUILDING
27/TKOF09/APCH,POLE,190513.9N,0725040.2E,51,NIL,LIGHT POLE
27/TKOF09/APCH,BUILDING,190515.6N,0725041.9E,37,NIL,HUT
27/TKOF09/APCH,ANTENNA,190519.9N,0725014.4E,103,NIL,ANTENNA ON BUILDING
27/TKOF09/APCH,TREE,190518.9N,0725029.4E,72,NIL,TREE
27/TKOF09/APCH,TREE,190520.8N,0725028.4E,72,NIL,TREE
27/TKOF09/APCH,TREE,190520.4N,0725027.2E,71,NIL,TREE
27/TKOF09/APCH,TREE,190520.9N,0725027.4E,71,NIL,TREE
27/TKOF09/APCH,TREE,190522.5N,0725027.0E,67,NIL,COCONUT TREE
27/TKOF09/APCH,TREE,190523.3N,0725026.7E,80,NIL,COCONUT TREE
27/TKOF09/APCH,TREE,190523.7N,0725026.7E,80,NIL,PIPAL TREE
27/TKOF09/APCH,TREE,190514.9N,0725042.7E,54,NIL,TREE
27/TKOF09/APCH,TREE,190514.6N,0725043.1E,47,NIL,TREE
27/TKOF09/APCH,TREE,190514.0N,0725044.6E,44,NIL,TREE
27/TKOF09/APCH,TREE,190513.2N,0725045.8E,42,NIL,TREE
27/TKOF09/APCH,TREE,190520.3N,0725029.6E,65,NIL,TREE
27/TKOF09/APCH,TREE,190520.0N,0725032.0E,57,NIL,TREE
27/TKOF09/APCH,TREE,190519.2N,0725030.7E,75,NIL,COCONUT TREE
27/TKOF09/APCH,TREE,190520.0N,0725030.8E,67,NIL,COCONUT TREE
27/TKOF09/APCH,TREE,190517.4N,0725030.7E,73,NIL,COCONUT TREE
27/TKOF09/APCH,TREE,190522.2N,0725034.5E,62,NIL,COCONUT TREE
27/TKOF09/APCH,TREE,190520.1N,0725032.1E,57,NIL,MANGO TREE
27/TKOF09/APCH,TREE,190521.5N,0725034.4E,55,NIL,TREE
27/TKOF09/APCH,TREE,190520.9N,0725034.4E,57,NIL,TREE
27/TKOF09/APCH,TREE,190521.6N,0725031.0E,61,NIL,COCONUT TREE
27/TKOF09/APCH,TREE,190517.3N,0725030.6E,65,NIL,TREE
27/TKOF09/APCH,TREE,190517.5N,0725029.9E,62,NIL,TREE
27/TKOF09/APCH,TREE,190516.9N,0725029.1E,75,NIL,TREE
27/TKOF09/APCH,TREE,190516.8N,0725029.1E,74,NIL,TREE
27/TKOF09/APCH,BUILDING,190522.3N,0725035.1E,52,NIL,HUT
27/TKOF09/APCH,OTHER,190516.1N,0725035.5E,57,NIL,HOARDING STRUCTURE
27/TKOF09/APCH,BUILDING,190515.1N,0725042.8E,36,NIL,PUCCA HOUSE
In circling area and at AD,BUILDING,190508.9N,0725036.4E,86,NIL,BUILDING
In circling area and at AD,BUILDING,190507.0N,0725023.1E,108,NIL,BUILDING
In circling area and at AD,POLE,190525.6N,0725038.2E,56,NIL,LIGHT POLE
In circling area and at AD,BUILDING,190509.8N,0725029.6E,80,NIL,BUILDING
In circling area and at AD,BUILDING,190509.1N,0725027.7E,103,NIL,BUILDING
In circling area and at AD,BUILDING,190512.1N,0725042.8E,43,NIL,HUT
In circling area and at AD,BUILDING,190511.5N,0725038.6E,53,NIL,BUILDING
In circling area and at AD,BUILDING,190507.3N,0725013.9E,98,NIL,BUILDING
In circling area and at AD,BUILDING,190506.7N,0725011.8E,105,NIL,BUILDING
In circling area and at AD,BUILDING,190508.2N,0725022.1E,88,NIL,BUILDING
In circling area and at AD,POLE,190526.4N,0725036.2E,72,NIL,LIGHT POLE
In circling area and at AD,POLE,190526.3N,0725029.7E,68,NIL,LIGHT POLE
In circling area and at AD,POLE,190526.5N,0725031.4E,71,NIL,LIGHT POLE
In circling area and at AD,POLE,190511.4N,0725041.6E,57,NIL,LIGHT POLE
In circling area and at AD,TREE,190525.0N,0725036.7E,51,NIL,TREE
In circling area and at AD,TREE,190512.4N,0725048.1E,39,NIL,TREE
In circling area and at AD,TREE,190512.3N,0725052.0E,40,NIL,TREE
In circling area and at AD,BUILDING,190538.4N,0725001.4E,206,NIL,BUILDING
In circling area and at AD,OTHER,190526.3N,0725049.2E,68,NIL,WIND SOCK
In circling area and at AD,BUILDING,190511.6N,0725039.4E,50,NIL,BUILDING
In circling area and at AD,OTHER,190525.1N,0725038.0E,54,NIL,HOARDING
In circling area and at AD,POLE,190510.9N,0725042.1E,55,NIL,LIGHT POLE
In circling area and at AD,POLE,190526.4N,0725036.1E,68,NIL,LIGHT POLE
In circling area and at AD,TREE,190512.5N,0725047.8E,38,NIL,TREE
In circling area and at AD,TREE,190511.5N,0725040.1E,56,NIL,TREE
In circling area and at AD,OTHER,190513.1N,0725303.4E,86,NIL,CHIMNEY
27/APCH09/TKOF,BUILDING,190519.8N,0725312.2E,73,NIL,BUILDING
27/APCH09/TKOF,BUILDING,190517.5N,0725330.6E,129,NIL,BUILDING
27/APCH09/TKOF,BUILDING,190519.9N,0725332.1E,124,NIL,BUILDING
27/APCH09/TKOF,BUILDING,190517.6N,0725332.8E,143,NIL,BUILDING
27/APCH09/TKOF,BUILDING,190540.9N,0725452.3E,196,NIL,BUILDING
27/APCH09/TKOF,BUILDING,190523.0N,0725259.1E,75,NIL,MOSQUE
27/APCH09/TKOF,BUILDING,190516.0N,0725352.0E,155,NIL,BUILDING
27/APCH09/TKOF,BUILDING,190516.1N,0725410.1E,197,NIL,BUILDING
27/APCH09/TKOF,BUILDING,190507.2N,0725431.9E,202,NIL,BUILDING
27/APCH09/TKOF,BUILDING,190528.8N,0725434.3E,220,NIL,BUILDING
27/APCH09/TKOF,TREE,190506.5N,0725445.7E,205,NIL,MAST ON BULDING
27/APCH09/TKOF,ANTENNA,190510.8N,0725447.2E,211,NIL,CELLPHONE MAST ON BUILDING
27/APCH09/TKOF,OTHER,190521.5N,0725254.9E,64,NIL,SPEAKER ON MOSQUE
27/APCH09/TKOF,BUILDING,190523.5N,0725254.6E,64,NIL,PUCCA HOUSE
27/APCH09/TKOF,BUILDING,190527.3N,0725317.6E,147,NIL,PUCCA HOUSE
27/APCH09/TKOF,BUILDING,190509.8N,0725447.7E,208,NIL,BUILDING
27/APCH09/TKOF,BUILDING,190530.5N,0725343.4E,174,NIL,BUILDING
27/APCH09/TKOF,BUILDING,190533.1N,0725348.7E,202,NIL,HUT
27/APCH09/TKOF,BUILDING,190532.6N,0725353.2E,220,NIL,BUILDING
27/APCH09/TKOF,BUILDING,190534.0N,0725447.7E,225,NIL,BUILDING
27/APCH09/TKOF,BUILDING,190515.2N,0725331.5E,168,NIL,MOSQUE
27/APCH09/TKOF,BUILDING,190519.0N,0725254.5E,61,NIL,BUILDING
27/APCH09/TKOF,BUILDING,190518.9N,0725256.1E,63,NIL,BUILDING
27/APCH09/TKOF,BUILDING,190518.5N,0725257.2E,63,NIL,BUILDING
27/APCH09/TKOF,OTHER,190518.0N,0725258.9E,66,NIL,SPEAKER ON MOSQUE
27/APCH09/TKOF,BUILDING,190518.0N,0725300.2E,68,NIL,BUILDING
27/APCH09/TKOF,BUILDING,190517.6N,0725301.3E,71,NIL,BUILDING
27/APCH09/TKOF,BUILDING,190521.5N,0725257.8E,76,NIL,SHED
27/APCH09/TKOF,BUILDING,190521.5N,0725258.5E,77,NIL,SHED
27/APCH09/TKOF,BUILDING,190521.4N,0725259.2E,75,NIL,SHED
27/APCH09/TKOF,BUILDING,190521.2N,0725300.1E,71,NIL,SHED
27/APCH09/TKOF,BUILDING,190520.6N,0725305.3E,65,NIL,BUILDING
27/APCH09/TKOF,BUILDING,190519.2N,0725307.7E,66,NIL,BUILDING
27/APCH09/TKOF,BUILDING,190522.6N,0725306.7E,75,NIL,SHED
27/APCH09/TKOF,ANTENNA,190528.9N,0725406.6E,181,NIL,ANTENNA ON BUILDING
27/APCH09/TKOF,BUILDING,190523.9N,0725255.0E,60,NIL,BUILDING
27/APCH09/TKOF,BUILDING,190525.1N,0725255.4E,59,NIL,BUILDING
27/APCH09/TKOF,BUILDING,190525.1N,0725253.6E,83,NIL,BUILDING
27/APCH09/TKOF,BUILDING,190524.3N,0725253.7E,68,NIL,PUCCA HOUSE
27/APCH09/TKOF,BUILDING,190516.5N,0725320.3E,122,NIL,PUCCA HOUSE
27/APCH09/TKOF,BUILDING,190523.5N,0725319.3E,117,NIL,PUCCA HOUSE
27/APCH09/TKOF,BUILDING,190521.8N,0725318.6E,90,NIL,BUILDING
27/APCH09/TKOF,BUILDING,190524.9N,0725317.7E,107,NIL,PUCCA HOUSE
27/APCH09/TKOF,BUILDING,190526.4N,0725317.5E,136,NIL,PUCCA HOUSE
27/APCH09/TKOF,BUILDING,190525.8N,0725500.1E,206,NIL,BUILDING
27/APCH09/TKOF,BUILDING,190504.7N,0725451.0E,192,NIL,BUILDING
27/APCH09/TKOF,BUILDING,190525.3N,0725449.3E,207,NIL,BUILDING
27/APCH09/TKOF,BUILDING,190536.9N,0725419.0E,220,NIL,HUT
27/APCH09/TKOF,BUILDING,190534.4N,0725413.4E,204,NIL,BUILDING
27/APCH09/TKOF,BUILDING,190536.0N,0725409.4E,186,NIL,BUILDING
27/APCH09/TKOF,BUILDING,190528.2N,0725346.1E,143,NIL,MOSQUE
27/APCH09/TKOF,BUILDING,190520.3N,0725336.9E,135,NIL,HUT
27/APCH09/TKOF,BUILDING,190518.0N,0725337.2E,127,NIL,HUT
27/APCH09/TKOF,ANTENNA,190515.5N,0725335.1E,166,NIL,ANTENNA ON BUILDING
27/APCH09/TKOF,ANTENNA,190515.0N,0725351.5E,160,NIL,ANTENNA ON BUILDING
27/APCH09/TKOF,BUILDING,190516.5N,0725352.1E,159,NIL,BUILDING
27/APCH09/TKOF,BUILDING,190545.2N,0725504.1E,241,NIL,BUILDING
27/APCH09/TKOF,BUILDING,190534.7N,0725450.7E,194,NIL,BUILDING
27/APCH09/TKOF,BUILDING,190514.1N,0725331.4E,143,NIL,BUILDING
27/APCH09/TKOF,BUILDING,190518.6N,0725330.3E,147,NIL,BUILDING
27/APCH09/TKOF,BUILDING,190522.4N,0725328.3E,114,NIL,MOSQUE
27/APCH09/TKOF,BUILDING,190523.3N,0725325.5E,22,NIL,BUILDING
27/APCH09/TKOF,OTHER,190519.6N,0725319.5E,90,NIL,HOARDING
27/APCH09/TKOF,BUILDING,190519.9N,0725321.9E,95,NIL,BUILDING
27/APCH09/TKOF,BUILDING,190517.3N,0725322.3E,127,NIL,MOSQUE
27/APCH09/TKOF,POLE,190519.1N,0725253.4E,54,NIL,LIGHT POLE
27/APCH09/TKOF,TREE,190520.4N,0725256.2E,71,NIL,TREE
27/APCH09/TKOF,TREE,190520.5N,0725257.6E,70,NIL,TREE
27/APCH09/TKOF,TREE,190520.9N,0725301.5E,72,NIL,TREE
27/APCH09/TKOF,TREE,190517.5N,0725308.7E,86,NIL,TREE
27/APCH09/TKOF,TREE,190531.1N,0725402.5E,184,NIL,TREE
27/APCH09/TKOF,TREE,190515.9N,0725252.8E,87,NIL,GROUP OF TREES
27/APCH09/TKOF,TREE,190516.9N,0725252.7E,61,NIL,GROUP OF TREES
27/APCH09/TKOF,TREE,190512.5N,0725314.5E,100,NIL,TREE
27/APCH09/TKOF,TREE,190515.6N,0725315.0E,93,NIL,TREE
27/APCH09/TKOF,TREE,190516.4N,0725316.5E,84,NIL,TREE
27/APCH09/TKOF,TREE,190531.4N,0725418.3E,268,NIL,GROUP OF TREES (COCONUT)
27/APCH09/TKOF,TREE,190528.8N,0725340.0E,147,NIL,GROUP OF TREES (COCONUT)
27/APCH09/TKOF,TREE,190530.7N,0725340.1E,168,NIL,TREE
27/APCH09/TKOF,TREE,190515.4N,0725340.4E,135,NIL,GROUP OF TREES
27/APCH09/TKOF,TREE,190520.4N,0725338.6E,134,NIL,GROUP OF TREES
27/APCH09/TKOF,TREE,190527.4N,0725335.8E,148,NIL,COCONUT TREE
27/APCH09/TKOF,TREE,190528.4N,0725337.5E,152,NIL,COCONUT TREE
27/APCH09/TKOF,TREE,190525.4N,0725336.3E,122,NIL,TREE
27/APCH09/TKOF,TREE,190524.2N,0725334.4E,140,NIL,GROUP OF TREES
27/APCH09/TKOF,TREE,190511.2N,0725334.8E,139,NIL,GROUP OF TREES
27/APCH09/TKOF,TREE,190511.4N,0725332.3E,133,NIL,TREE
27/APCH09/TKOF,TREE,190515.8N,0725330.4E,152,NIL,TREE
27/APCH09/TKOF,TREE,190521.5N,0725327.9E,153,NIL,TREE
27/APCH09/TKOF,OTHER,190519.9N,0725253.5E,55,NIL,MOBILE ROAD TRAFFIC
27/APCH09/TKOF,BUILDING,190520.1N,0725253.9E,51,NIL,SECURITY HUT
27/APCH09/TKOF,TANK,190532.4N,0725418.6E,248,NIL,TANK
27/APCH09/TKOF,ANTENNA,190525.0N,0725326.3E,137,NIL,CELLPHONE MAST TOWER
27/APCH09/TKOF,OTHER,190520.0N,0725255.4E,54,NIL,APPROACH LIGHT
27/APCH09/TKOF,OTHER,190520.1N,0725300.5E,55,NIL,APPROACH LIGHT
27/APCH09/TKOF,ANTENNA,190522.2N,0725253.0E,50,NIL,ASMGCS M-LAT ANTENNA
27/APCH09/TKOF,OTHER,190523.5N,0725254.0E,50,NIL,AIRPORT BOUNDARY WALL WITH FENCING ON TOP
27/APCH09/TKOF,OTHER,190521.4N,0725253.3E,45,NIL,CRASH GATE (RWY27)
27/APCH09/TKOF,BUILDING,190523.6N,0725254.9E,62,NIL,PUCCA HOUSE
27/APCH09/TKOF,BUILDING,190526.6N,0725317.5E,134,NIL,PUCCA HOUSE
27/APCH09/TKOF,BUILDING,190521.7N,0725327.7E,135,NIL,MOSQUE
27/APCH09/TKOF,BUILDING,190519.1N,0725254.1E,59,NIL,BUILDING
27/APCH09/TKOF,BUILDING,190519.1N,0725255.3E,57,NIL,BUILDING
27/APCH09/TKOF,BUILDING,190518.9N,0725255.6E,63,NIL,BUILDING
27/APCH09/TKOF,BUILDING,190518.3N,0725259.4E,59,NIL,BUILDING
27/APCH09/TKOF,BUILDING,190518.1N,0725300.9E,64,NIL,BUILDING
27/APCH09/TKOF,BUILDING,190517.7N,0725302.0E,67,NIL,BUILDING
27/APCH09/TKOF,BUILDING,190517.9N,0725302.2E,60,NIL,BUILDING
27/APCH09/TKOF,BUILDING,190517.5N,0725302.8E,67,NIL,BUILDING
27/APCH09/TKOF,BUILDING,190517.8N,0725302.9E,59,NIL,BUILDING
27/APCH09/TKOF,BUILDING,190521.2N,0725259.9E,69,NIL,SHED
27/APCH09/TKOF,BUILDING,190521.2N,0725301.1E,70,NIL,SHED
27/APCH09/TKOF,BUILDING,190521.0N,0725302.1E,62,NIL,BUILDING
27/APCH09/TKOF,BUILDING,190521.4N,0725302.6E,70,NIL,BUILDING
27/APCH09/TKOF,BUILDING,190521.0N,0725304.9E,64,NIL,BUILDING
27/APCH09/TKOF,BUILDING,190520.8N,0725305.4E,64,NIL,BUILDING
27/APCH09/TKOF,BUILDING,190520.3N,0725305.4E,64,NIL,BUILDING
27/APCH09/TKOF,BUILDING,190519.2N,0725253.8E,57,NIL,BUILDING
27/APCH09/TKOF,BUILDING,190524.2N,0725255.2E,57,NIL,PUCCA HOUSE
27/APCH09/TKOF,BUILDING,190525.3N,0725255.6E,58,NIL,PUCCA HOUSE
27/APCH09/TKOF,BUILDING,190524.7N,0725253.5E,76,NIL,PUCCA HOUSE
27/APCH09/TKOF,BUILDING,190524.8N,0725253.6E,77,NIL,PUCCA HOUSE
27/APCH09/TKOF,BUILDING,190524.5N,0725253.6E,71,NIL,PUCCA HOUSE
27/APCH09/TKOF,BUILDING,190524.1N,0725254.0E,62,NIL,PUCCA HOUSE
27/APCH09/TKOF,BUILDING,190523.3N,0725254.5E,56,NIL,PUCCA HOUSE
27/APCH09/TKOF,BUILDING,190516.8N,0725320.4E,121,NIL,PUCCA HOUSE
27/APCH09/TKOF,BUILDING,190516.5N,0725320.0E,117,NIL,PUCCA HOUSE
27/APCH09/TKOF,BUILDING,190523.0N,0725319.0E,107,NIL,PUCCA HOUSE
27/APCH09/TKOF,BUILDING,190523.4N,0725319.4E,115,NIL,PUCCA HOUSE
27/APCH09/TKOF,BUILDING,190522.9N,0725319.1E,101,NIL,PUCCA HOUSE
27/APCH09/TKOF,BUILDING,190523.0N,0725319.0E,102,NIL,PUCCA HOUSE
27/APCH09/TKOF,BUILDING,190524.0N,0725317.8E,93,NIL,PUCCA HOUSE
27/APCH09/TKOF,BUILDING,190526.4N,0725317.5E,130,NIL,PUCCA HOUSE
27/APCH09/TKOF,BUILDING,190526.2N,0725317.4E,134,NIL,PUCCA HOUSE
27/APCH09/TKOF,ANTENNA,190520.7N,0725319.7E,116,NIL,GROUP OF CELLPHONE MAST ON PUCCA HOUSE
27/APCH09/TKOF,ANTENNA,190520.6N,0725319.9E,118,NIL,CELLPHONE MAST ON PUCCA HOUSE
27/APCH09/TKOF,BUILDING,190520.9N,0725319.4E,99,NIL,PUCCA HOUSE
27/APCH09/TKOF,BUILDING,190521.2N,0725319.3E,100,NIL,PUCCA HOUSE
27/APCH09/TKOF,BUILDING,190521.2N,0725319.6E,105,NIL,PUCCA HOUSE
27/APCH09/TKOF,BUILDING,190521.3N,0725319.3E,100,NIL,PUCCA HOUSE
27/APCH09/TKOF,BUILDING,190524.5N,0725459.1E,195,NIL,BUILDING
27/APCH09/TKOF,BUILDING,190529.8N,0725418.2E,214,NIL,PUCCA HOUSE
27/APCH09/TKOF,BUILDING,190529.6N,0725418.3E,208,NIL,PUCCA HOUSE
27/APCH09/TKOF,BUILDING,190529.5N,0725418.5E,197,NIL,PUCCA HOUSE
27/APCH09/TKOF,BUILDING,190529.7N,0725418.4E,202,NIL,PUCCA HOUSE
27/APCH09/TKOF,BUILDING,190530.3N,0725420.0E,208,NIL,PUCCA HOUSE
27/APCH09/TKOF,BUILDING,190531.9N,0725418.3E,243,NIL,PUCCA HOUSE
27/APCH09/TKOF,BUILDING,190531.9N,0725420.1E,231,NIL,PUCCA HOUSE
27/APCH09/TKOF,BUILDING,190532.1N,0725419.9E,240,NIL,PUCCA HOUSE
27/APCH09/TKOF,BUILDING,190531.5N,0725420.4E,214,NIL,PUCCA HOUSE
27/APCH09/TKOF,BUILDING,190532.0N,0725420.2E,227,NIL,PUCCA HOUSE
27/APCH09/TKOF,BUILDING,190531.7N,0725420.5E,212,NIL,PUCCA HOUSE
27/APCH09/TKOF,BUILDING,190531.4N,0725420.8E,198,NIL,PUCCA HOUSE
27/APCH09/TKOF,BUILDING,190533.5N,0725419.3E,238,NIL,PUCCA HOUSE
27/APCH09/TKOF,BUILDING,190533.0N,0725419.7E,234,NIL,PUCCA HOUSE
27/APCH09/TKOF,BUILDING,190533.8N,0725419.4E,226,NIL,PUCCA HOUSE
27/APCH09/TKOF,BUILDING,190534.7N,0725419.6E,207,NIL,PUCCA HOUSE
27/APCH09/TKOF,BUILDING,190533.3N,0725419.7E,222,NIL,PUCCA HOUSE
27/APCH09/TKOF,BUILDING,190534.0N,0725420.2E,195,NIL,PUCCA HOUSE
27/APCH09/TKOF,BUILDING,190531.6N,0725418.0E,239,NIL,PUCCA HOUSE
27/APCH09/TKOF,BUILDING,190532.1N,0725418.3E,243,NIL,PUCCA HOUSE
27/APCH09/TKOF,BUILDING,190532.4N,0725419.0E,245,NIL,PUCCA HOUSE
27/APCH09/TKOF,BUILDING,190532.6N,0725419.0E,245,NIL,PUCCA HOUSE
27/APCH09/TKOF,BUILDING,190532.6N,0725419.0E,244,NIL,PUCCA HOUSE
27/APCH09/TKOF,BUILDING,190532.7N,0725418.8E,241,NIL,PUCCA HOUSE
27/APCH09/TKOF,BUILDING,190533.1N,0725418.5E,237,NIL,PUCCA HOUSE
27/APCH09/TKOF,BUILDING,190533.4N,0725418.8E,237,NIL,PUCCA HOUSE
27/APCH09/TKOF,BUILDING,190533.5N,0725418.7E,234,NIL,PUCCA HOUSE
27/APCH09/TKOF,BUILDING,190533.5N,0725418.4E,226,NIL,PUCCA HOUSE
27/APCH09/TKOF,BUILDING,190533.2N,0725418.1E,228,NIL,PUCCA HOUSE
27/APCH09/TKOF,BUILDING,190533.0N,0725418.1E,229,NIL,PUCCA HOUSE
27/APCH09/TKOF,BUILDING,190533.5N,0725418.1E,219,NIL,PUCCA HOUSE
27/APCH09/TKOF,BUILDING,190533.7N,0725418.8E,231,NIL,PUCCA HOUSE
27/APCH09/TKOF,BUILDING,190533.7N,0725419.2E,234,NIL,PUCCA HOUSE
27/APCH09/TKOF,BUILDING,190534.4N,0725418.7E,225,NIL,PUCCA HOUSE
27/APCH09/TKOF,BUILDING,190534.2N,0725418.8E,228,NIL,PUCCA HOUSE
27/APCH09/TKOF,BUILDING,190534.0N,0725418.9E,228,NIL,PUCCA HOUSE
27/APCH09/TKOF,BUILDING,190535.2N,0725418.9E,204,NIL,PUCCA HOUSE
27/APCH09/TKOF,BUILDING,190535.2N,0725419.2E,206,NIL,PUCCA HOUSE
27/APCH09/TKOF,BUILDING,190535.3N,0725418.9E,199,NIL,PUCCA HOUSE
27/APCH09/TKOF,BUILDING,190535.6N,0725419.0E,197,NIL,PUCCA HOUSE
27/APCH09/TKOF,BUILDING,190536.1N,0725418.7E,203,NIL,PUCCA HOUSE
27/APCH09/TKOF,BUILDING,190536.4N,0725419.1E,207,NIL,PUCCA HOUSE
27/APCH09/TKOF,BUILDING,190536.9N,0725418.3E,213,NIL,BUILDING
27/APCH09/TKOF,BUILDING,190537.3N,0725419.1E,220,NIL,PUCCA HOUSE
27/APCH09/TKOF,BUILDING,190537.4N,0725418.7E,217,NIL,PUCCA HOUSE
27/APCH09/TKOF,BUILDING,190537.7N,0725418.8E,218,NIL,PUCCA HOUSE
27/APCH09/TKOF,BUILDING,190527.2N,0725459.4E,201,NIL,BUILDING
27/APCH09/TKOF,BUILDING,190519.3N,0725337.8E,128,NIL,PUCCA HOUSE
27/APCH09/TKOF,BUILDING,190519.5N,0725338.0E,124,NIL,PUCCA HOUSE
27/APCH09/TKOF,BUILDING,190519.8N,0725337.9E,128,NIL,PUCCA HOUSE
27/APCH09/TKOF,BUILDING,190520.7N,0725338.1E,126,NIL,PUCCA HOUSE
27/APCH09/TKOF,BUILDING,190523.2N,0725338.5E,126,NIL,PUCCA HOUSE
27/APCH09/TKOF,BUILDING,190511.4N,0725334.6E,130,NIL,PUCCA HOUSE
27/APCH09/TKOF,BUILDING,190514.4N,0725331.1E,142,NIL,BUILDING
27/APCH09/TKOF,BUILDING,190515.4N,0725330.0E,121,NIL,MOSQUE
27/APCH09/TKOF,BUILDING,190515.3N,0725330.3E,126,NIL,BUILDING
27/APCH09/TKOF,BUILDING,190518.9N,0725330.0E,132,NIL,BUILDING
27/APCH09/TKOF,BUILDING,190515.1N,0725330.1E,116,NIL,HUT
27/APCH09/TKOF,BUILDING,190521.0N,0725328.4E,125,NIL,BUILDING
27/APCH09/TKOF,BUILDING,190522.2N,0725326.6E,125,NIL,SHED
27/APCH09/TKOF,BUILDING,190517.5N,0725318.7E,89,NIL,BUILDING
27/APCH09/TKOF,BUILDING,190519.5N,0725320.9E,97,NIL,HUT
27/APCH09/TKOF,POLE,190522.4N,0725327.7E,113,NIL,LIGHT POLE
27/APCH09/TKOF,OTHER,190519.9N,0725253.6E,47,NIL,GATE
27/APCH09/TKOF,OTHER,190519.8N,0725253.6E,48,NIL,AIRPORT BOUNDARY WALL WITH FENCING ON TOP
27/APCH09/TKOF,BUILDING,190525.9N,0725322.0E,139,NIL,MOSQUE
27/APCH09/TKOF,BUILDING,190526.2N,0725324.8E,136,NIL,HUT ON HILL
27/APCH09/TKOF,BUILDING,190519.2N,0725327.9E,121,NIL,HUT
27/APCH09/TKOF,BUILDING,190517.2N,0725328.5E,136,NIL,HUT ON HILL
27/APCH09/TKOF,BUILDING,190517.8N,0725329.0E,138,NIL,HUT ON HILL
27/APCH09/TKOF,BUILDING,190516.0N,0725323.5E,130,NIL,HUT ON HILLOCK
27/APCH09/TKOF,BUILDING,190515.7N,0725320.5E,116,NIL,HUT ON HILLOCK
27/APCH09/TKOF,BUILDING,190515.0N,0725320.0E,106,NIL,HUT ON HILLOCK
27/APCH09/TKOF,BUILDING,190515.3N,0725321.9E,118,NIL,HUT
27/APCH09/TKOF,BUILDING,190515.6N,0725320.0E,115,NIL,HUT
27/APCH09/TKOF,ANTENNA,190527.8N,0725315.5E,123,NIL,MOBILE ANTENNA ON HUT
27/APCH09/TKOF,BUILDING,190525.8N,0725315.9E,106,NIL,HUT
27/APCH09/TKOF,BUILDING,190528.6N,0725317.3E,151,NIL,MOSQUE
27/APCH09/TKOF,BUILDING,190526.7N,0725318.2E,147,NIL,HUT
27/APCH09/TKOF,BUILDING,190518.0N,0725254.7E,65,NIL,HUT
27/APCH09/TKOF,BUILDING,190517.6N,0725255.6E,63,NIL,HUT
27/APCH09/TKOF,BUILDING,190518.5N,0725254.5E,62,NIL,HUT
27/APCH09/TKOF,BUILDING,190518.3N,0725255.7E,65,NIL,HUT
27/APCH09/TKOF,BUILDING,190525.0N,0725259.1E,87,NIL,HUT
27/APCH09/TKOF,BUILDING,190524.8N,0725259.1E,88,NIL,HUT
27/APCH09/TKOF,BUILDING,190523.9N,0725256.6E,76,NIL,HUT
27/APCH09/TKOF,BUILDING,190523.7N,0725255.8E,70,NIL,HUT
27/APCH09/TKOF,BUILDING,190524.8N,0725256.7E,69,NIL,HUT
27/APCH09/TKOF,TREE,190520.4N,0725256.0E,71,NIL,TREE
27/APCH09/TKOF,TREE,190518.2N,0725308.0E,80,NIL,TREE
27/APCH09/TKOF,TREE,190516.2N,0725318.0E,98,NIL,TREE
27/APCH09/TKOF,TREE,190529.7N,0725417.5E,223,NIL,TREE
27/APCH09/TKOF,TREE,190532.5N,0725421.2E,213,NIL,TREE
27/APCH09/TKOF,TREE,190534.7N,0725418.2E,221,NIL,TREE
27/APCH09/TKOF,TREE,190530.1N,0725340.2E,161,NIL,TREE
27/APCH09/TKOF,TREE,190523.7N,0725338.3E,139,NIL,GROUP OF TREES
27/APCH09/TKOF,TREE,190524.0N,0725338.4E,138,NIL,GROUP OF TREES
27/APCH09/TKOF,TREE,190527.2N,0725335.5E,143,NIL,COCONUT TREE
27/APCH09/TKOF,TREE,190527.6N,0725335.8E,146,NIL,COCONUT TREE
27/APCH09/TKOF,TREE,190528.3N,0725337.3E,146,NIL,COCONUT TREE
27/APCH09/TKOF,TREE,190529.2N,0725337.8E,148,NIL,GROUP OF TREES
27/APCH09/TKOF,TREE,190527.2N,0725335.1E,142,NIL,GROUP OF TREES
27/APCH09/TKOF,TREE,190511.6N,0725331.5E,113,NIL,TREE
27/APCH09/TKOF,TREE,190513.4N,0725330.9E,142,NIL,TREE
27/APCH09/TKOF,TREE,190521.7N,0725328.7E,136,NIL,TREE
27/APCH09/TKOF,TREE,190521.4N,0725328.2E,142,NIL,TREE
27/APCH09/TKOF,TREE,190522.4N,0725327.6E,109,NIL,TREE
27/APCH09/TKOF,TREE,190519.4N,0725330.6E,142,NIL,TREE
27/APCH09/TKOF,TREE,190519.1N,0725329.8E,119,NIL,GROUPS OF TREES
27/APCH09/TKOF,TREE,190524.1N,0725253.6E,77,NIL,TREE
27/APCH09/TKOF,TREE,190524.1N,0725255.2E,77,NIL,TREE
27/APCH09/TKOF,TREE,190532.5N,0725417.9E,262,NIL,TREE (COCO NUT)
27/APCH09/TKOF,TREE,190530.0N,0725341.5E,201,NIL,TREE
27/APCH09/TKOF,TREE,190531.8N,0725344.3E,206,NIL,TREE
27/APCH09/TKOF,TREE,190511.6N,0725335.2E,153,NIL,GROUP OF TREES
27/APCH09/TKOF,TREE,190515.9N,0725330.5E,157,NIL,TREE
27/APCH09/TKOF,NATURAL HIGHPOINT,190531.1N,0725417.2E,229,NIL,HILL TOP
27/APCH09/TKOF,OTHER,190505.2N,0725457.7E,229,NIL,PYLO N MAST
27/APCH09/TKOF,OTHER,190520.0N,0725253.0E,55,NIL,MOBILE ROAD TRAFFIC
27/APCH09/TKOF,OTHER,190520.1N,0725253.2E,53,NIL,MOBILE ROAD TRAFFIC
27/APCH09/TKOF,OTHER,190519.4N,0725252.9E,52,NIL,MOBILE ROAD TRAFFIC
27/APCH09/TKOF,OTHER,190520.9N,0725253.5E,53,NIL,MOBILE ROAD TRAFFIC
27/APCH09/TKOF,TREE,190522.3N,0725329.5E,138,NIL,TREE
27/APCH09/TKOF,OTHER,190513.6N,0725505.3E,234,NIL,PYLON
In circling area and at AD,BUILDING,190528.4N,0725259.3E,107,NIL,BUILDING
In circling area and at AD,BUILDING,190516.2N,0725251.1E,59,NIL,PUCCA HOUSE
In circling area and at AD,BUILDING,190529.0N,0725253.8E,107,NIL,MOSQUE
In circling area and at AD,BUILDING,190528.3N,0725258.1E,102,NIL,BUILDING
In circling area and at AD,BUILDING,190542.9N,0725420.6E,273,NIL,TEMPLE
In circling area and at AD,BUILDING,190533.4N,0725346.0E,196,NIL,PUCCA HOUSE
In circling area and at AD,BUILDING,190500.8N,0725437.2E,206,NIL,BUILDING
In circling area and at AD,BUILDING,190544.3N,0725450.7E,209,NIL,BUILDING
In circling area and at AD,BUILDING,190549.2N,0725459.4E,280,NIL,BUILDING
In circling area and at AD,BUILDING,190514.8N,0725252.0E,55,NIL,PUCCA HOUSE
In circling area and at AD,BUILDING,190515.8N,0725252.0E,62,NIL,PUCCA HOUSE
In circling area and at AD,BUILDING,190515.9N,0725250.3E,63,NIL,PUCCA HOUSE
In circling area and at AD,BUILDING,190526.3N,0725255.2E,66,NIL,PUCCA HOUSE
In circling area and at AD,BUILDING,190526.9N,0725257.5E,84,NIL,SHED
In circling area and at AD,BUILDING,190529.1N,0725257.8E,100,NIL,BUILDING
In circling area and at AD,ANTENNA,190529.2N,0725302.3E,114,NIL,CELLPHONE MAST ON BUILDING
In circling area and at AD,BUILDING,190540.2N,0725419.7E,236,NIL,PUCCA HOUSE
In circling area and at AD,BUILDING,190540.1N,0725418.4E,234,NIL,PUCCA HOUSE
In circling area and at AD,BUILDING,190541.0N,0725416.7E,206,NIL,BUILDING
In circling area and at AD,BUILDING,190546.2N,0725502.8E,233,NIL,BUILDING
In circling area and at AD,CRANE,190552.4N,0725513.5E,349,NIL,CRANE TOP ON BUILDING
In circling area and at AD,BUILDING,190454.8N,0725418.8E,201,NIL,BUILDING
In circling area and at AD,BUILDING,190501.1N,0725421.8E,212,NIL,BUILDING
In circling area and at AD,BUILDING,190547.6N,0725449.2E,197,NIL,BUILDING
In circling area and at AD,BUILDING,190550.1N,0725447.6E,199,NIL,BUILDING
In circling area and at AD,BUILDING,190548.5N,0725452.0E,231,NIL,BUILDING
In circling area and at AD,BUILDING,190556.7N,0725507.8E,359,NIL,BUILDING
In circling area and at AD,BUILDING,190554.5N,0725504.9E,218,NIL,BUILDING
In circling area and at AD,BUILDING,190556.0N,0725503.8E,247,NIL,BUILDING
In circling area and at AD,BUILDING,190557.7N,0725504.7E,218,NIL,BUILDING
In circling area and at AD,POLE,190513.4N,0725252.0E,65,NIL,LIGHT POLE
In circling area and at AD,POLE,190525.9N,0725255.9E,71,NIL,LIGHT POLE
In circling area and at AD,TREE,190528.4N,0725253.5E,103,NIL,TREE
In circling area and at AD,TOWER,190511.7N,0725312.9E,88,NIL,MICROWAVE TOWER
In circling area and at AD,WATER TOWER,190511.1N,0725315.5E,99,NIL,OVER HEAD WATER TANK
In circling area and at AD,CRANE,190605.3N,0725300.4E,226,NIL,CRANE TOP ON BUILDING
In circling area and at AD,CRANE,190603.5N,0725244.7E,202,NIL,CRANE TOP ON BUILDING
In circling area and at AD,NATURAL HIGHPOINT,190611.5N,0725427.4E,497,NIL,HILL TOP
In circling area and at AD,OTHER,190516.5N,0725252.0E,52,NIL,AIRPORT BOUNDARY WALL WITH FENCING ON TOP
In circling area and at AD,ANTENNA,190517.2N,0725217.7E,24,NIL,PAPI (RWY -27)
In circling area and at AD,OTHER,190524.0N,0725233.8E,46,NIL,WIND SOCK
In circling area and at AD,ANTENNA,190523.3N,0725231.9E,29,NIL,TRANSMISSOME- TER TRANSMITTER
In circling area and at AD,ANTENNA,190523.2N,0725234.1E,46,NIL,AWS ANTENNA
In circling area and at AD,OTHER,190521.3N,0725235.9E,26,NIL,N3 SIGN BOARD
In circling area and at AD,OTHER,190521.3N,0725233.5E,25,NIL,N4 SIGN BOARD
In circling area and at AD,ANTENNA,190515.7N,0725222.3E,74,NIL,GP ANTENNA RWY 27
In circling area and at AD,ANTENNA,190515.8N,0725224.8E,41,NIL,GP NF ANTENNA RWY 27
In circling area and at AD,FENCE,190518.9N,0725251.8E,41,NIL,BLAST FENCE
In circling area and at AD,ANTENNA,190520.1N,0725252.3E,49,NIL,LLZ 09 MONITOR ANTENNA
In circling area and at AD,OTHER,190516.1N,0725249.1E,48,NIL,AIRPORT BOUNDARY WALL WITH FENCING ON TOP
In circling area and at AD,ANTENNA,190520.3N,0725252.1E,40,NIL,LLZ 09
In circling area and at AD,OTHER,190520.5N,0725252.1E,41,NIL,LIGHTNING ARRESTOR ON LLZ 09
In circling area and at AD,OTHER,190528.1N,0725219.2E,80,NIL,FLOOD LIGHT
In circling area and at AD,BUILDING,190515.4N,0725252.2E,56,NIL,PUCCA HOUSE
In circling area and at AD,BUILDING,190526.9N,0725255.3E,65,NIL,PUCCA HOUSE
In circling area and at AD,BUILDING,190514.2N,0725252.0E,55,NIL,PUCCA HOUSE
In circling area and at AD,BUILDING,190515.8N,0725252.1E,57,NIL,PUCCA HOUSE
In circling area and at AD,BUILDING,190516.0N,0725251.7E,59,NIL,PUCCA HOUSE
In circling area and at AD,BUILDING,190516.0N,0725251.6E,59,NIL,PUCCA HOUSE
In circling area and at AD,BUILDING,190515.8N,0725251.6E,60,NIL,PUCCA HOUSE
In circling area and at AD,BUILDING,190526.2N,0725255.1E,65,NIL,PUCCA HOUSE
In circling area and at AD,BUILDING,190526.6N,0725255.2E,65,NIL,PUCCA HOUSE
In circling area and at AD,BUILDING,190526.4N,0725255.7E,57,NIL,PUCCA HOUSE
In circling area and at AD,ANTENNA,190529.3N,0725301.6E,106,NIL,CELLPHONE MAST ON BUILDING
In circling area and at AD,BUILDING,190512.0N,0725314.6E,88,NIL,BUILDING
In circling area and at AD,BUILDING,190501.0N,0725422.3E,202,NIL,BUILDING
In circling area and at AD,BUILDING,190549.5N,0725452.7E,226,NIL,BUILDING
In circling area and at AD,BUILDING,190549.8N,0725448.9E,199,NIL,BUILDING
In circling area and at AD,POLE,190526.6N,0725256.2E,70,NIL,LIGHT POLE
In circling area and at AD,BUILDING,190530.2N,0725317.4E,190,NIL,MOSQUE
In circling area and at AD,BUILDING,190530.1N,0725318.4E,183,NIL,HUT
In circling area and at AD,BUILDING,190530.5N,0725318.2E,184,NIL,HUT
In circling area and at AD,TREE,190530.4N,0725318.0E,179,NIL,TREE
In circling area and at AD,BUILDING,190529.5N,0725318.2E,176,NIL,HUT ON HILLOCK
In circling area and at AD,BUILDING,190529.8N,0725317.6E,170,NIL,HUT ON HILLOCK
In circling area and at AD,BUILDING,190513.3N,0725249.6E,68,NIL,HUT
In circling area and at AD,BUILDING,190513.0N,0725249.6E,69,NIL,HUT
In circling area and at AD,BUILDING,190526.3N,0725253.3E,81,NIL,HUT ON HILLOCK
In circling area and at AD,OTHER,190512.8N,0725253.4E,82,NIL,CHIMNEY TOP
In circling area and at AD,OTHER,190513.6N,0725253.9E,79,NIL,CHIMNEY TOP
In circling area and at AD,TREE,190516.0N,0725252.1E,79,NIL,GROUP OF TREES
In circling area and at AD,TREE,190515.4N,0725251.1E,93,NIL,GROUP OF TREES
In circling area and at AD,TREE,190516.1N,0725250.3E,76,NIL,GROUP OF TREES
In circling area and at AD,TREE,190525.4N,0725253.5E,97,NIL,TREE
In circling area and at AD,TREE,190525.5N,0725254.7E,104,NIL,TREE
In circling area and at AD,TREE,190528.5N,0725253.8E,101,NIL,TREE
In circling area and at AD,TREE,190529.2N,0725253.9E,111,NIL,TREE
In circling area and at AD,TOWER,190513.2N,0725253.8E,77,NIL,TOWER TOP
In circling area and at AD,OTHER,190456.7N,0725450.1E,213,NIL,PYLO N MAST
In circling area and at AD,POLE,190516.0N,0725252.2E,54,NIL,LIGHT POLE
In circling area and at AD,POLE,190515.3N,0725252.2E,54,NIL,LIGHT POLE
In circling area and at AD,BUILDING,190526.4N,0725258.6E,80,NIL,HUT
In circling area and at AD,TREE,190527.2N,0725256.7E,83,NIL,GROUP OF TREES
In circling area and at AD,POLE,190514.6N,0725252.2E,55,NIL,LIGHT POLE
In circling area and at AD,POLE,190514.0N,0725252.1E,65,NIL,LIGHT POLE
32/TKOF14/APCH,BUILDING,190613.8N,0725101.0E,98,NIL,BUILDING
32/TKOF14/APCH,BUILDING,190602.1N,0725117.3E,60,NIL,BUILDING
32/TKOF14/APCH,BUILDING,190615.9N,0725113.3E,97,NIL,BUILDING
32/TKOF14/APCH,BUILDING,190642.1N,0725030.1E,183,NIL,BUILDING
32/TKOF14/APCH,TREE,190602.6N,0725114.2E,76,LGTD,MAST ON BUILDING
32/TKOF14/APCH,BUILDING,190604.0N,0725114.5E,69,NIL,BUILDING
32/TKOF14/APCH,BUILDING,190603.6N,0725110.8E,73,NIL,BUILDING
32/TKOF14/APCH,BUILDING,190619.8N,0725052.7E,124,NIL,BUILDING
32/TKOF14/APCH,BUILDING,190613.0N,0725051.9E,116,NIL,BUILDING
32/TKOF14/APCH,BUILDING,190614.5N,0725111.3E,90,NIL,BUILDING
32/TKOF14/APCH,BUILDING,190619.9N,0725105.3E,110,NIL,BUILDING
32/TKOF14/APCH,TREE,190618.6N,0725056.1E,129,LGTD,MAST ON BUILDING
32/TKOF14/APCH,BUILDING,190619.8N,0725054.6E,119,NIL,BUILDING
32/TKOF14/APCH,BUILDING,190620.6N,0725058.3E,116,NIL,BUILDING
32/TKOF14/APCH,BUILDING,190621.6N,0725058.2E,115,NIL,BUILDING
32/TKOF14/APCH,BUILDING,190603.8N,0725108.2E,84,NIL,BUILDING
32/TKOF14/APCH,BUILDING,190628.2N,0725059.1E,124,NIL,BUILDING
32/TKOF14/APCH,BUILDING,190621.9N,0725100.3E,130,NIL,BUILDING
32/TKOF14/APCH,BUILDING,190610.9N,0725058.4E,103,NIL,BUILDING
32/TKOF14/APCH,BUILDING,190612.2N,0725055.1E,120,NIL,BUILDING
32/TKOF14/APCH,BUILDING,190620.1N,0725102.0E,118,NIL,BUILDING
32/TKOF14/APCH,BUILDING,190616.5N,0725101.8E,107,NIL,BUILDING
32/TKOF14/APCH,BUILDING,190617.2N,0725102.3E,104,NIL,BUILDING
32/TKOF14/APCH,BUILDING,190600.1N,0725111.7E,74,NIL,BUILDING
32/TKOF14/APCH,BUILDING,190601.0N,0725112.8E,73,NIL,BUILDING
32/TKOF14/APCH,BUILDING,190558.8N,0725112.3E,87,NIL,BUILDING
32/TKOF14/APCH,TREE,190609.2N,0725113.5E,90,LGTD,MAST ON BUILDING
32/TKOF14/APCH,BUILDING,190615.2N,0725057.3E,113,NIL,BUILDING
32/TKOF14/APCH,BUILDING,190615.7N,0725058.7E,109,NIL,BUILDING
32/TKOF14/APCH,BUILDING,190715.0N,0725024.0E,258,NIL,TEMPLE
32/TKOF14/APCH,BUILDING,190711.4N,0725020.2E,195,NIL,BUILDING
32/TKOF14/APCH,ANTENNA,190700.2N,0725036.6E,202,NIL,ANTENNA ON BUILDING
32/TKOF14/APCH,TREE,190613.8N,0725114.3E,101,NIL,TREE
32/TKOF14/APCH,TREE,190615.9N,0725112.1E,113,NIL,COCONUT TREE
32/TKOF14/APCH,TREE,190600.1N,0725114.6E,75,NIL,TREE
32/TKOF14/APCH,TREE,190613.8N,0725107.7E,98,NIL,GROUP OF TREES
32/TKOF14/APCH,TREE,190605.1N,0725121.1E,84,NIL,GROUP OF TREES
32/TKOF14/APCH,TREE,190602.8N,0725119.6E,72,NIL,GROUP OF TREES
32/TKOF14/APCH,TREE,190614.9N,0725101.7E,117,NIL,TREE
32/TKOF14/APCH,TREE,190557.6N,0725115.6E,76,NIL,MAST ON FOB
32/TKOF14/APCH,BUILDING,190608.9N,0725102.1E,101,LGTD,BUILDING
32/TKOF14/APCH,BUILDING,190612.0N,0725117.3E,85,NIL,BUILDING
32/TKOF14/APCH,BUILDING,190610.2N,0725114.5E,81,NIL,BUILDING
32/TKOF14/APCH,BUILDING,190600.0N,0725117.7E,59,NIL,BUILDING
32/TKOF14/APCH,BUILDING,190610.8N,0725110.0E,86,NIL,BUILDING
32/TKOF14/APCH,TREE,190613.6N,0725111.5E,98,LGTD,MAST ON BUILDING
32/TKOF14/APCH,BUILDING,190623.2N,0725039.8E,157,NIL,BUILDING
32/TKOF14/APCH,BUILDING,190615.1N,0725110.0E,92,NIL,BUILDING
32/TKOF14/APCH,BUILDING,190617.2N,0725109.6E,95,NIL,BUILDING
32/TKOF14/APCH,BUILDING,190621.8N,0725057.3E,122,NIL,BUILDING
32/TKOF14/APCH,BUILDING,190620.8N,0725059.4E,118,NIL,BUILDING
32/TKOF14/APCH,BUILDING,190623.4N,0725057.7E,122,NIL,BUILDING
32/TKOF14/APCH,BUILDING,190605.5N,0725105.5E,86,NIL,BUILDING
32/TKOF14/APCH,BUILDING,190611.7N,0725105.4E,94,NIL,BUILDING
32/TKOF14/APCH,BUILDING,190627.3N,0725100.0E,127,NIL,BUILDING
32/TKOF14/APCH,BUILDING,190624.8N,0725100.6E,117,NIL,BUILDING
32/TKOF14/APCH,BUILDING,190629.0N,0725102.2E,123,NIL,BUILDING
32/TKOF14/APCH,BUILDING,190612.6N,0725058.6E,108,NIL,BUILDING
32/TKOF14/APCH,BUILDING,190612.9N,0725100.2E,106,NIL,BUILDING
32/TKOF14/APCH,BUILDING,190613.4N,0725102.5E,103,NIL,BUILDING
32/TKOF14/APCH,BUILDING,190623.3N,0725102.8E,117,NIL,BUILDING
32/TKOF14/APCH,ANTENNA,190620.5N,0725104.3E,124,NIL,ANTENNA ON BUILDING
32/TKOF14/APCH,BUILDING,190618.5N,0725104.6E,111,NIL,BUILDING
32/TKOF14/APCH,BUILDING,190656.1N,0725008.5E,192,NIL,BUILDING
32/TKOF14/APCH,BUILDING,190702.5N,0724943.9E,242,NIL,BUILDING
32/TKOF14/APCH,BUILDING,190717.0N,0724948.7E,195,NIL,BUILDING
32/TKOF14/APCH,BUILDING,190716.3N,0724950.3E,198,NIL,BUILDING
32/TKOF14/APCH,BUILDING,190623.1N,0725107.8E,111,NIL,BUILDING
32/TKOF14/APCH,BUILDING,190603.2N,0725124.1E,62,NIL,BUILDING
32/TKOF14/APCH,BUILDING,190600.9N,0725126.8E,64,NIL,BUILDING
32/TKOF14/APCH,BUILDING,190552.8N,0725120.9E,54,NIL,HUT
32/TKOF14/APCH,BUILDING,190554.4N,0725118.9E,52,NIL,HUT
32/TKOF14/APCH,BUILDING,190557.5N,0725117.9E,55,NIL,HUT
32/TKOF14/APCH,BUILDING,190732.0N,0724955.9E,197,NIL,BUILDING
32/TKOF14/APCH,BUILDING,190731.3N,0724955.2E,198,NIL,BUILDING
32/TKOF14/APCH,BUILDING,190814.5N,0724937.4E,417,NIL,BUILDING
32/TKOF14/APCH,BUILDING,190750.5N,0724939.5E,354,NIL,BUILDING
32/TKOF14/APCH,OTHER,190618.6N,0725112.5E,121,NIL,HOARDING
32/TKOF14/APCH,OTHER,190605.5N,0725116.6E,70,NIL,HOARDING
32/TKOF14/APCH,POLE,190611.2N,0725115.5E,82,NIL,LIGHT POLE
32/TKOF14/APCH,BUILDING,190603.3N,0725121.5E,59,NIL,SECURITY HUT
32/TKOF14/APCH,OTHER,190601.8N,0725124.8E,54,NIL,AIRPORT BOUNDARY WALL WITH FENCING ON TOP
32/TKOF14/APCH,TREE,190602.4N,0725115.2E,104,NIL,TREE
32/TKOF14/APCH,TREE,190600.9N,0725115.1E,112,NIL,TREE
32/TKOF14/APCH,TREE,190558.3N,0725116.1E,79,NIL,TREE
32/TKOF14/APCH,TREE,190559.1N,0725112.5E,107,NIL,GROUP OF TREES
32/TKOF14/APCH,TREE,190604.8N,0725111.6E,91,NIL,GROUP OF TREES
32/TKOF14/APCH,TREE,190608.6N,0725111.7E,84,NIL,GROUP OF TREES
32/TKOF14/APCH,TREE,190606.8N,0725110.4E,86,NIL,GROUP OF TREES
32/TKOF14/APCH,TREE,190610.2N,0725111.5E,100,NIL,GROUP OF TREES
32/TKOF14/APCH,TREE,190618.1N,0725110.9E,115,NIL,GROUP OF TREES
32/TKOF14/APCH,TREE,190618.2N,0725106.2E,107,NIL,COCONUT TREE
32/TKOF14/APCH,TREE,190616.7N,0725107.8E,119,NIL,COCONUT TREE
32/TKOF14/APCH,TREE,190614.6N,0725107.7E,114,NIL,COCONUT TREE
32/TKOF14/APCH,TREE,190610.2N,0725107.6E,97,NIL,TREE
32/TKOF14/APCH,TREE,190606.1N,0725107.9E,81,NIL,GROUP OF TREES
32/TKOF14/APCH,TREE,190604.4N,0725107.8E,116,NIL,COCONUT TREE
32/TKOF14/APCH,TREE,190606.7N,0725102.2E,102,NIL,TREE
32/TKOF14/APCH,TREE,190608.3N,0725103.1E,94,NIL,COCONUT TREE
32/TKOF14/APCH,TREE,190610.3N,0725105.3E,103,NIL,TREE
32/TKOF14/APCH,TREE,190607.6N,0725059.4E,100,NIL,COCONUT TREE
32/TKOF14/APCH,TREE,190614.7N,0725102.6E,104,NIL,COCONUT TREE
32/TKOF14/APCH,TREE,190612.9N,0725106.4E,108,NIL,TREE
32/TKOF14/APCH,TREE,190605.8N,0725122.0E,80,NIL,GROUP OF TREES
32/TKOF14/APCH,TREE,190604.7N,0725120.0E,72,NIL,GROUP OF TREES
32/TKOF14/APCH,TREE,190604.6N,0725118.1E,70,NIL,GROUP OF TREES
32/TKOF14/APCH,TREE,190616.1N,0725100.7E,115,NIL,TREE
32/TKOF14/APCH,TREE,190616.7N,0725103.3E,109,NIL,TREE
32/TKOF14/APCH,TREE,190601.6N,0725113.6E,107,NIL,COCONUT TREE
32/TKOF14/APCH,TREE,190603.7N,0725122.4E,77,NIL,TREE
32/TKOF14/APCH,TREE,190601.8N,0725125.2E,80,NIL,TREE
32/TKOF14/APCH,TREE,190543.5N,0725131.7E,66,NIL,TREE
32/TKOF14/APCH,TREE,190552.3N,0725122.5E,94,NIL,TREE
32/TKOF14/APCH,TREE,190550.9N,0725123.4E,72,NIL,TREE
32/TKOF14/APCH,TREE,190553.4N,0725121.4E,81,NIL,COCONUT TREE
32/TKOF14/APCH,TREE,190554.6N,0725119.8E,74,NIL,TREE
32/TKOF14/APCH,TREE,190555.6N,0725117.5E,68,NIL,TREE
32/TKOF14/APCH,TREE,190558.9N,0725119.1E,72,NIL,TREE
32/TKOF14/APCH,OTHER,190558.5N,0725121.7E,49,NIL,APPROACH LIGHT
32/TKOF14/APCH,OTHER,190559.9N,0725120.2E,55,NIL,APPROACH LIGHT
32/TKOF14/APCH,OTHER,190601.2N,0725118.8E,62,NIL,APPROACH LIGHT
32/TKOF14/APCH,ANTENNA,190555.1N,0725119.5E,56,NIL,ASMGCS MLAT - S04 ANTENNA
32/TKOF14/APCH,OTHER,190556.5N,0725123.9E,41,NIL,APPROACH LIGHT
32/TKOF14/APCH,OTHER,190600.6N,0725126.2E,53,NIL,AIRPORT BOUNDARY WALL WITH FENCING ON TOP
32/TKOF14/APCH,OTHER,190557.5N,0725115.6E,69,NIL,PEDESTRIAN OVERBRIDGE TOP
32/TKOF14/APCH,OTHER,190605.5N,0725116.5E,69,NIL,SIGN BOARD
32/TKOF14/APCH,BUILDING,190600.2N,0725111.0E,69,NIL,BUILDING
32/TKOF14/APCH,BUILDING,190600.7N,0725111.0E,69,NIL,BUILDING
32/TKOF14/APCH,BUILDING,190609.7N,0725111.9E,84,NIL,BUILDING
32/TKOF14/APCH,ANTENNA,190623.5N,0725040.6E,143,NIL,ANTENNA ON BUILDING
32/TKOF14/APCH,BUILDING,190618.0N,0725055.8E,118,NIL,BUILDING
32/TKOF14/APCH,BUILDING,190612.8N,0725111.4E,86,NIL,BUILDING
32/TKOF14/APCH,BUILDING,190616.2N,0725110.0E,92,NIL,BUILDING
32/TKOF14/APCH,BUILDING,190615.7N,0725110.0E,92,NIL,BUILDING
32/TKOF14/APCH,BUILDING,190616.0N,0725109.5E,92,NIL,BUILDING
32/TKOF14/APCH,BUILDING,190616.3N,0725107.1E,96,NIL,BUILDING
32/TKOF14/APCH,BUILDING,190623.2N,0725101.7E,113,NIL,BUILDING
32/TKOF14/APCH,TREE,190610.5N,0725057.7E,103,LGTD,MAST ON BUILDING
32/TKOF14/APCH,BUILDING,190618.2N,0725104.5E,108,NIL,BUILDING
32/TKOF14/APCH,ANTENNA,190620.1N,0725104.1E,120,NIL,ANTENNA ON BUILDING
32/TKOF14/APCH,BUILDING,190623.0N,0725103.6E,114,NIL,BUILDING
32/TKOF14/APCH,BUILDING,190620.8N,0725105.2E,108,NIL,BUILDING
32/TKOF14/APCH,BUILDING,190606.2N,0725122.5E,64,NIL,BUILDING
32/TKOF14/APCH,BUILDING,190604.4N,0725121.1E,63,NIL,BUILDING
32/TKOF14/APCH,BUILDING,190601.8N,0725124.8E,55,NIL,BUILDING
32/TKOF14/APCH,BUILDING,190601.6N,0725125.8E,61,NIL,BUILDING
32/TKOF14/APCH,BUILDING,190601.3N,0725125.9E,60,NIL,BUILDING
32/TKOF14/APCH,BUILDING,190601.1N,0725126.2E,60,NIL,BUILDING
32/TKOF14/APCH,BUILDING,190553.1N,0725120.8E,51,NIL,HUT
32/TKOF14/APCH,BUILDING,190555.1N,0725117.9E,53,NIL,HUT
32/TKOF14/APCH,BUILDING,190558.8N,0725118.7E,56,NIL,HUT
32/TKOF14/APCH,BUILDING,190615.9N,0725102.1E,106,NIL,BUILDING
32/TKOF14/APCH,OTHER,190614.9N,0725113.6E,85,NIL,HOARDING
32/TKOF14/APCH,POLE,190612.1N,0725115.3E,85,NIL,LIGHT POLE
32/TKOF14/APCH,POLE,190613.0N,0725115.1E,84,NIL,LIGHT POLE
32/TKOF14/APCH,POLE,190613.8N,0725114.9E,85,NIL,LIGHT POLE
32/TKOF14/APCH,POLE,190614.6N,0725114.7E,83,NIL,LIGHT POLE
32/TKOF14/APCH,POLE,190615.6N,0725114.5E,85,NIL,LIGHT POLE
32/TKOF14/APCH,POLE,190557.8N,0725115.7E,68,NIL,LIGHT POLE
32/TKOF14/APCH,POLE,190558.7N,0725115.3E,64,NIL,LIGHT POLE
32/TKOF14/APCH,POLE,190559.3N,0725115.5E,63,NIL,LIGHT POLE
32/TKOF14/APCH,ANTENNA,190648.3N,0725048.0E,194,NIL,DISH ANTENNA
32/TKOF14/APCH,TREE,190614.5N,0725113.7E,91,NIL,TREE
32/TKOF14/APCH,TREE,190615.8N,0725112.4E,109,NIL,COCONUT TREE
32/TKOF14/APCH,TREE,190616.6N,0725112.8E,103,NIL,COCONUT TREE
32/TKOF14/APCH,TREE,190616.8N,0725113.0E,94,NIL,COCONUT TREE
32/TKOF14/APCH,TREE,190603.6N,0725116.0E,83,NIL,TREE
32/TKOF14/APCH,TREE,190602.2N,0725115.6E,93,NIL,TREE
32/TKOF14/APCH,TREE,190601.6N,0725113.6E,106,NIL,COCONUT TREE
32/TKOF14/APCH,TREE,190559.1N,0725116.6E,68,NIL,TREE
32/TKOF14/APCH,TREE,190559.0N,0725116.2E,72,NIL,TREE
32/TKOF14/APCH,TREE,190558.3N,0725113.7E,75,NIL,TREE
32/TKOF14/APCH,TREE,190559.2N,0725113.3E,96,NIL,GROUP OF TREES
32/TKOF14/APCH,TREE,190601.0N,0725110.9E,106,NIL,COCONUT TREE
32/TKOF14/APCH,TREE,190600.7N,0725111.3E,69,NIL,GROUP OF TREES
32/TKOF14/APCH,TREE,190602.3N,0725111.6E,98,NIL,GROUP OF TREES
32/TKOF14/APCH,TREE,190606.0N,0725111.6E,86,NIL,GROUP OF TREES
32/TKOF14/APCH,TREE,190609.4N,0725111.1E,93,NIL,TREE
32/TKOF14/APCH,TREE,190614.3N,0725108.9E,103,NIL,COCONUT TREE
32/TKOF14/APCH,TREE,190616.3N,0725109.8E,102,NIL,COCONUT TREE
32/TKOF14/APCH,TREE,190616.8N,0725111.2E,98,NIL,GROUP OF TREES
32/TKOF14/APCH,TREE,190617.5N,0725112.1E,92,NIL,GROUP OF TREES
32/TKOF14/APCH,TREE,190615.6N,0725057.4E,117,NIL,TREE
32/TKOF14/APCH,TREE,190614.6N,0725107.3E,99,NIL,TREE
32/TKOF14/APCH,TREE,190616.9N,0725107.7E,111,NIL,COCONUT TREE
32/TKOF14/APCH,TREE,190616.6N,0725107.4E,105,NIL,GROUP OF TREES
32/TKOF14/APCH,TREE,190609.3N,0725107.5E,94,NIL,COCONUT TREE
32/TKOF14/APCH,TREE,190607.8N,0725108.6E,92,NIL,COCONUT TREE
32/TKOF14/APCH,TREE,190604.9N,0725107.4E,97,NIL,GROUP OF TREES
32/TKOF14/APCH,TREE,190606.9N,0725104.2E,100,NIL,GROUP OF TREES
32/TKOF14/APCH,TREE,190608.0N,0725102.8E,91,NIL,TREE
32/TKOF14/APCH,TREE,190607.0N,0725102.8E,102,NIL,TREE
32/TKOF14/APCH,TREE,190607.3N,0725102.5E,95,NIL,TREE
32/TKOF14/APCH,TREE,190609.4N,0725104.5E,95,NIL,COCONUT TREE
32/TKOF14/APCH,TREE,190610.0N,0725104.8E,99,NIL,GROUP OF TREES
32/TKOF14/APCH,TREE,190606.7N,0725100.9E,96,NIL,COCONUT TREE
32/TKOF14/APCH,TREE,190624.9N,0725100.5E,125,NIL,TREE
32/TKOF14/APCH,TREE,190610.2N,0725058.5E,108,NIL,TREE
32/TKOF14/APCH,TREE,190616.3N,0725102.0E,122,NIL,COCONUT TREE
32/TKOF14/APCH,TREE,190613.8N,0725104.6E,96,NIL,GROUP OF TREES
32/TKOF14/APCH,TREE,190624.7N,0725102.9E,114,NIL,TREE
32/TKOF14/APCH,TREE,190621.8N,0725104.0E,114,NIL,TREE
32/TKOF14/APCH,TREE,190605.8N,0725122.0E,79,NIL,GROUP OF TREES
32/TKOF14/APCH,TREE,190616.8N,0725057.3E,112,NIL,TREE
32/TKOF14/APCH,TREE,190615.6N,0725102.0E,104,NIL,TREE
32/TKOF14/APCH,TREE,190616.1N,0725101.0E,106,NIL,TREE
32/TKOF14/APCH,TREE,190601.0N,0725114.7E,88,NIL,COCONUT TREE
32/TKOF14/APCH,TREE,190603.1N,0725123.1E,76,NIL,TREE
32/TKOF14/APCH,TREE,190603.0N,0725123.3E,64,NIL,TREE
32/TKOF14/APCH,TREE,190603.0N,0725124.0E,86,NIL,TREE
32/TKOF14/APCH,TREE,190602.5N,0725125.2E,75,NIL,TREE
32/TKOF14/APCH,TREE,190602.3N,0725125.1E,75,NIL,TREE
32/TKOF14/APCH,TREE,190602.1N,0725125.2E,78,NIL,TREE
32/TKOF14/APCH,TREE,190553.6N,0725121.1E,71,NIL,TREE
32/TKOF14/APCH,TREE,190553.4N,0725121.1E,77,NIL,TREE
32/TKOF14/APCH,TREE,190553.7N,0725120.7E,76,NIL,TREE
32/TKOF14/APCH,TREE,190553.1N,0725120.6E,77,NIL,TREE
32/TKOF14/APCH,TREE,190554.7N,0725119.5E,73,NIL,TREE
32/TKOF14/APCH,TREE,190555.2N,0725118.9E,73,NIL,TREE
32/TKOF14/APCH,TREE,190555.3N,0725118.7E,74,NIL,TREE
32/TKOF14/APCH,TREE,190556.3N,0725118.1E,66,NIL,TREE
32/TKOF14/APCH,TREE,190556.7N,0725118.2E,63,NIL,TREE
32/TKOF14/APCH,TREE,190557.4N,0725118.4E,63,NIL,TREE
32/TKOF14/APCH,TREE,190558.0N,0725118.7E,63,NIL,TREE
32/TKOF14/APCH,TREE,190558.1N,0725118.8E,64,NIL,TREE
32/TKOF14/APCH,BUILDING,190646.0N,0725032.7E,191,NIL,BUILDING
32/TKOF14/APCH,ANTENNA,190610.2N,0725112.8E,98,NIL,ANTENNA ON BUILDING
32/TKOF14/APCH,BUILDING,190619.8N,0725108.6E,109,NIL,BUILDING
32/TKOF14/APCH,TREE,190557.0N,0725118.3E,65,NIL,TREE
32/TKOF14/APCH,BUILDING,190627.3N,0725058.8E,124,NIL,BUILDING
32/TKOF14/APCH,BUILDING,190603.1N,0725107.7E,81,NIL,BUILDING
32/TKOF14/APCH,BUILDING,190615.8N,0725059.7E,105,NIL,BUILDING
32/TKOF14/APCH,BUILDING,190611.6N,0725058.7E,107,NIL,BUILDING
32/TKOF14/APCH,BUILDING,190558.6N,0725113.0E,92,NIL,BUILDING
32/TKOF14/APCH,BUILDING,190603.7N,0725122.9E,57,NIL,BUILDING
32/TKOF14/APCH,BUILDING,190603.3N,0725124.0E,61,NIL,BUILDING
32/TKOF14/APCH,BUILDING,190600.7N,0725126.6E,62,NIL,BUILDING
32/TKOF14/APCH,BUILDING,190604.2N,0725121.2E,61,NIL,BUILDING
32/TKOF14/APCH,BUILDING,190605.1N,0725121.9E,64,NIL,BUILDING
32/TKOF14/APCH,BUILDING,190600.3N,0725127.0E,62,NIL,BUILDING
32/TKOF14/APCH,BUILDING,190600.0N,0725127.2E,62,NIL,BUILDING
32/TKOF14/APCH,BUILDING,190604.1N,0725122.8E,58,NIL,BUILDING
32/TKOF14/APCH,BUILDING,190603.6N,0725123.1E,58,NIL,BUILDING
32/TKOF14/APCH,BUILDING,190603.3N,0725123.4E,60,NIL,BUILDING
In circling area and at AD,BUILDING,190550.9N,0725120.0E,74,NIL,BUILDING
In circling area and at AD,BUILDING,190551.5N,0725122.5E,52,NIL,BUILDING
In circling area and at AD,BUILDING,190627.5N,0725107.9E,150,NIL,BUILDING
In circling area and at AD,BUILDING,190635.3N,0725101.6E,159,NIL,BUILDING
In circling area and at AD,BUILDING,190650.2N,0725048.6E,214,NIL,BUILDING
In circling area and at AD,BUILDING,190551.6N,0725116.6E,106,NIL,BUILDING
In circling area and at AD,BUILDING,190552.7N,0725116.8E,97,NIL,BUILDING
In circling area and at AD,BUILDING,190548.0N,0725117.6E,126,NIL,BUILDING
In circling area and at AD,BUILDING,190548.9N,0725118.8E,129,NIL,BUILDING
In circling area and at AD,BUILDING,190625.5N,0725110.4E,149,NIL,BUILDING
In circling area and at AD,OTHER,190618.0N,0725115.3E,111,NIL,HOARDING
In circling area and at AD,OTHER,190614.9N,0725116.1E,107,NIL,HOARDING
In circling area and at AD,TREE,190609.1N,0725125.4E,121,NIL,GROUP OF TREES
In circling area and at AD,ANTENNA,190614.6N,0725047.2E,124,NIL,ANTENNA ON BUILDING
In circling area and at AD,BUILDING,190630.2N,0725104.0E,131,NIL,BUILDING
In circling area and at AD,ANTENNA,190628.3N,0725105.4E,141,NIL,ANTENNA ON BUILDING
In circling area and at AD,BUILDING,190626.2N,0725106.6E,117,NIL,BUILDING
In circling area and at AD,BUILDING,190603.0N,0725125.7E,68,NIL,BUILDING
In circling area and at AD,BUILDING,190549.3N,0725119.2E,146,NIL,BUILDING
In circling area and at AD,OTHER,190620.0N,0725112.5E,126,NIL,HOARDING
In circling area and at AD,BUILDING,190631.5N,0725104.4E,175,NIL,BUILDING
In circling area and at AD,POLE,190608.8N,0725120.8E,70,NIL,LIGHT POLE
In circling area and at AD,OTHER,190559.1N,0725128.9E,55,NIL,AIRPORT BOUNDARY WALL WITH FENCING ON TOP
In circling area and at AD,POLE,190542.5N,0725133.6E,46,NIL,LIGHT POLE
In circling area and at AD,BUILDING,190544.8N,0725130.1E,59,LGTD,BUILDING
In circling area and at AD,POLE,190539.6N,0725130.2E,125,NIL,FLOOD LIGHT
In circling area and at AD,POLE,190553.0N,0725122.6E,46,NIL,LIGHT POLE
In circling area and at AD,TREE,190606.3N,0725125.5E,99,NIL,GROUP OF TREES
In circling area and at AD,TREE,190544.3N,0725129.0E,78,NIL,TREE
In circling area and at AD,TREE,190546.3N,0725126.9E,74,NIL,TREE
In circling area and at AD,TREE,190545.6N,0725125.8E,99,NIL,TREE
In circling area and at AD,TREE,190548.1N,0725123.4E,86,NIL,TREE
In circling area and at AD,BUILDING,190703.4N,0725100.5E,201,NIL,BUILDING
In circling area and at AD,BUILDING,190653.9N,0725100.3E,211,NIL,BUILDING
In circling area and at AD,BUILDING,190653.3N,0725102.0E,219,NIL,BUILDING
In circling area and at AD,BUILDING,190655.6N,0725104.3E,219,NIL,BUILDING
In circling area and at AD,BUILDING,190641.9N,0725123.2E,215,NIL,BUILDING
In circling area and at AD,BUILDING,190543.5N,0725130.9E,56,LGTD,BUILDING
In circling area and at AD,BUILDING,190547.8N,0725145.8E,123,LGTD,BUILDING
In circling area and at AD,BUILDING,190548.7N,0725146.9E,154,LGTD,BUILDING
In circling area and at AD,BUILDING,190547.8N,0725146.5E,123,LGTD,BUILDING
In circling area and at AD,BUILDING,190548.7N,0725126.0E,58,LGTD,SHED
In circling area and at AD,BUILDING,190550.1N,0725124.8E,60,LGTD,LINE MAINTENANCE SHED
In circling area and at AD,BUILDING,190555.1N,0725140.6E,119,LGTD,AIR INDIA HANGAR NO 1
In circling area and at AD,POLE,190539.6N,0725150.0E,44,NIL,LIGHT POLE (NO- 170)
In circling area and at AD,BUILDING,190545.4N,0725133.8E,41,NIL,TAXIWAY K SIGN BOARD
In circling area and at AD,BUILDING,190558.0N,0725129.3E,42,NIL,SIGN BOARD
In circling area and at AD,OTHER,190548.9N,0725138.6E,40,NIL,E10-E7 SIGN BOARD
In circling area and at AD,ANTENNA,190536.8N,0725147.2E,36,NIL,PAPI - RWY 14
In circling area and at AD,OTHER,190538.4N,0725145.9E,38,NIL,E8 SIGN BOARD
In circling area and at AD,OTHER,190537.3N,0725142.6E,39,NIL,K3 SIGN BOARD
In circling area and at AD,OTHER,190546.2N,0725140.3E,40,NIL,E7-E1 SIGN BOARD
In circling area and at AD,OTHER,190537.4N,0725129.9E,135,NIL,FLOOD LIGHT
In circling area and at AD,OTHER,190553.7N,0725133.0E,63,LGTD,WIND SOCK (RWY 14 SIDE)
In circling area and at AD,ANTENNA,190540.7N,0725147.1E,91,LGTD,GP ANTENNA
In circling area and at AD,ANTENNA,190542.4N,0725145.2E,61,LGTD,GP ANTENNA
In circling area and at AD,ANTENNA,190540.7N,0725147.3E,52,LGTD,GP DME ANTENNA
In circling area and at AD,OTHER,190539.4N,0725118.1E,330,LGTD,LIGHTNING ARRESTOR ON NEW ATC TOWER
In circling area and at AD,BUILDING,190550.2N,0725123.0E,52,NIL,SHED
In circling area and at AD,BUILDING,190550.2N,0725122.7E,52,NIL,BUILDING
In circling area and at AD,BUILDING,190550.6N,0725122.9E,55,NIL,BUILDING
In circling area and at AD,BUILDING,190551.6N,0725123.3E,53,NIL,BUILDING
In circling area and at AD,BUILDING,190550.5N,0725123.4E,48,NIL,BUILDING
In circling area and at AD,BUILDING,190551.7N,0725122.2E,56,NIL,BUILDING
In circling area and at AD,BUILDING,190552.1N,0725122.1E,53,NIL,BUILDING
In circling area and at AD,BUILDING,190606.0N,0725123.1E,65,NIL,BUILDING
In circling area and at AD,BUILDING,190602.9N,0725126.4E,65,NIL,BUILDING
In circling area and at AD,BUILDING,190602.6N,0725126.0E,60,NIL,BUILDING
In circling area and at AD,BUILDING,190550.6N,0725124.1E,48,NIL,HUT
In circling area and at AD,BUILDING,190551.0N,0725124.0E,48,NIL,HUT
In circling area and at AD,BUILDING,190551.3N,0725123.6E,48,NIL,HUT
In circling area and at AD,BUILDING,190551.5N,0725123.5E,47,NIL,HUT
In circling area and at AD,BUILDING,190551.6N,0725123.4E,50,NIL,HUT
In circling area and at AD,BUILDING,190551.7N,0725123.2E,49,NIL,HUT
In circling area and at AD,BUILDING,190553.5N,0725115.8E,85,NIL,BUILDING
In circling area and at AD,BUILDING,190553.2N,0725116.8E,84,NIL,BUILDING
In circling area and at AD,POLE,190551.8N,0725122.6E,54,NIL,LIGHT POLE
In circling area and at AD,POLE,190607.3N,0725122.8E,72,NIL,LIGHT POLE
In circling area and at AD,ANTENNA,190648.9N,0725050.3E,196,NIL,ANTENNA
In circling area and at AD,TREE,190615.4N,0725116.4E,100,NIL,TREE
In circling area and at AD,TANK,190603.7N,0725127.1E,84,NIL,TANK
In circling area and at AD,TREE,190606.9N,0725122.5E,71,NIL,GROUP OF TREES
In circling area and at AD,TREE,190542.1N,0725131.3E,58,NIL,TREE
In circling area and at AD,TREE,190542.5N,0725131.1E,63,NIL,TREE
In circling area and at AD,TREE,190543.7N,0725131.6E,62,NIL,TREE
In circling area and at AD,TREE,190544.0N,0725131.6E,51,NIL,TREE
In circling area and at AD,TREE,190543.6N,0725129.9E,71,NIL,TREE
In circling area and at AD,TREE,190543.9N,0725129.8E,72,NIL,TREE
In circling area and at AD,TREE,190544.1N,0725129.4E,72,NIL,TREE
In circling area and at AD,TREE,190546.0N,0725127.3E,72,NIL,TREE
In circling area and at AD,TREE,190550.2N,0725122.4E,76,NIL,TREE
In circling area and at AD,ANTENNA,190631.5N,0725103.9E,176,NIL,ANTENNA TOP
In circling area and at AD,ANTENNA,190631.5N,0725106.7E,177,NIL,MOBILE ANTENNA
In circling area and at AD,ANTENNA,190626.1N,0725109.3E,152,NIL,ANTENNA ON BUILDING
In circling area and at AD,TANK,190603.7N,0725127.1E,84,NIL,WATER TANK
32/APCH14/TKOF,BUILDING,190438.1N,0725244.6E,72,NIL,BUILDING
32/APCH14/TKOF,TREE,190149.2N,0725503.7E,1074,LGTD,COMMUNICATION MAST
32/APCH14/TKOF,TREE,190149.9N,0725503.6E,1058,LGTD,COMMUNICATION MAST
32/APCH14/TKOF,TREE,190150.4N,0725503.3E,1046,LGTD,COMMUNICATION MAST
32/APCH14/TKOF,TREE,190150.7N,0725502.8E,1042,LGTD,COMMUNICATION MAST
32/APCH14/TKOF,TREE,190150.2N,0725502.6E,1054,LGTD,COMMUNICATION MAST - VHF LINK
32/APCH14/TKOF,TREE,190149.4N,0725502.4E,105,LGTD,COMMUNICATION MAST
32/APCH14/TKOF,TREE,190148.1N,0725500.2E,1022,LGTD,PASSIVE REFLECTOR MAST
32/APCH14/TKOF,TREE,190146.3N,0725503.3E,1035,LGTD,COMMUNICATION MAST
32/APCH14/TKOF,TREE,190144.8N,0725503.0E,1062,LGTD,COMMUNICATION MAST
32/APCH14/TKOF,TREE,190144.3N,0725503.5E,1067,LGTD,COMMUNICATION MAST
32/APCH14/TKOF,TREE,190145.5N,0725503.7E,1074,LGTD,COMMUNICATION MAST
32/APCH14/TKOF,TREE,190145.4N,0725503.4E,1073,LGTD,COMMUNICATION MAST
32/APCH14/TKOF,BUILDING,190439.7N,0725248.0E,64,NIL,BUILDING
32/APCH14/TKOF,BUILDING,190438.3N,0725244.5E,70,NIL,BUILDING
32/APCH14/TKOF,OTHER,190426.0N,0725253.8E,88,NIL,PYLON
32/APCH14/TKOF,OTHER,190428.6N,0725256.7E,96,NIL,PYLON
32/APCH14/TKOF,OTHER,190431.3N,0725301.3E,108,NIL,PYLON
32/APCH14/TKOF,OTHER,190433.9N,0725305.9E,90,NIL,PYLON
32/APCH14/TKOF,OTHER,190342.0N,0725331.1E,208,NIL,PYLON
32/APCH14/TKOF,OTHER,190348.3N,0725338.3E,208,NIL,PYLON
32/APCH14/TKOF,OTHER,190354.9N,0725347.7E,226,NIL,PYLON
32/APCH14/TKOF,OTHER,190355.2N,0725353.7E,230,NIL,PYLON
32/APCH14/TKOF,BUILDING,190433.0N,0725255.5E,76,NIL,BUILDING
32/APCH14/TKOF,ANTENNA,190444.5N,0725251.7E,81,NIL,ANTENNA TOP ON BUILDING
32/APCH14/TKOF,POLE,190441.9N,0725237.8E,41,NIL,LIGHT POLE
32/APCH14/TKOF,ANTENNA,190442.3N,0725249.3E,75,NIL,ANTENNA TOP ON BUILDING
32/APCH14/TKOF,BUILDING,190436.0N,0725243.5E,67,NIL,BUILDING
32/APCH14/TKOF,BUILDING,190323.1N,0725405.3E,212,NIL,BUILDING
32/APCH14/TKOF,OTHER,190447.1N,0725247.7E,63,NIL,CHIMNEY TOP
32/APCH14/TKOF,BUILDING,190442.2N,0725253.6E,68,NIL,MOSQUE
32/APCH14/TKOF,BUILDING,190438.0N,0725251.3E,66,NIL,BUILDING
32/APCH14/TKOF,BUILDING,190434.3N,0725247.7E,86,NIL,MOSQUE
32/APCH14/TKOF,BUILDING,190439.9N,0725253.6E,67,NIL,MOSQUE
32/APCH14/TKOF,ANTENNA,190438.7N,0725255.6E,94,LGTD,CELLPHONE MAST ON BUILDING
32/APCH14/TKOF,ANTENNA,190430.4N,0725253.0E,102,LGTD,CELLPHONE MAST ON BUILDING
32/APCH14/TKOF,ANTENNA,190435.1N,0725257.0E,86,LGTD,CELLPHONE MAST ON BUILDING
32/APCH14/TKOF,BUILDING,190436.4N,0725301.0E,98,NIL,BUILDING
32/APCH14/TKOF,ANTENNA,190430.0N,0725311.8E,107,LGTD,CELLPHONE MAST ON BUILDING
32/APCH14/TKOF,ANTENNA,190414.6N,0725305.6E,115,LGTD,CELLPHONE MAST ON TOWER
32/APCH14/TKOF,BUILDING,190318.8N,0725349.1E,207,NIL,BUILDING
32/APCH14/TKOF,BUILDING,190322.6N,0725354.6E,205,NIL,BUILDING
32/APCH14/TKOF,BUILDING,190316.9N,0725354.0E,212,NIL,BUILDING
32/APCH14/TKOF,BUILDING,190342.7N,0725336.6E,194,NIL,BUILDING
32/APCH14/TKOF,BUILDING,190442.2N,0725247.2E,64,NIL,BUILDING
32/APCH14/TKOF,BUILDING,190429.3N,0725248.2E,75,NIL,BUILDING
32/APCH14/TKOF,BUILDING,190435.0N,0725245.7E,71,NIL,BUILDING
32/APCH14/TKOF,ANTENNA,190444.0N,0725252.7E,81,LGTD,CELLPHONE MAST ON BUILDING
32/APCH14/TKOF,ANTENNA,190437.7N,0725256.4E,92,LGTD,CELLPHONE MAST ON BUILDING
32/APCH14/TKOF,BUILDING,190340.1N,0725337.8E,195,NIL,BUILDING
32/APCH14/TKOF,BUILDING,190441.5N,0725249.8E,76,NIL,BUILDING
32/APCH14/TKOF,BUILDING,190443.8N,0725235.4E,46,NIL,BUILDING
32/APCH14/TKOF,BUILDING,190436.9N,0725301.8E,110,NIL,BUILDING
32/APCH14/TKOF,BUILDING,190417.5N,0725302.1E,106,NIL,BUILDING
32/APCH14/TKOF,BUILDING,190427.8N,0725258.8E,90,NIL,BUILDING
32/APCH14/TKOF,BUILDING,190427.2N,0725300.3E,94,NIL,BUILDING
32/APCH14/TKOF,BUILDING,190307.0N,0725409.0E,232,NIL,BUILDING
32/APCH14/TKOF,BUILDING,190318.0N,0725349.1E,193,NIL,BUILDING
32/APCH14/TKOF,BUILDING,190327.4N,0725359.1E,196,NIL,BUILDING
32/APCH14/TKOF,BUILDING,190327.8N,0725407.9E,211,NIL,BUILDING
32/APCH14/TKOF,BUILDING,190307.0N,0725357.0E,275,NIL,BUILDING
32/APCH14/TKOF,OTHER,190314.3N,0725403.8E,224,NIL,HOARDING ON BUILDING
32/APCH14/TKOF,BUILDING,190314.0N,0725406.8E,196,NIL,BUILDING
32/APCH14/TKOF,OTHER,190358.8N,0725354.0E,211,NIL,PYLON
32/APCH14/TKOF,OTHER,190337.3N,0725427.0E,194,NIL,PYLON
32/APCH14/TKOF,TREE,190439.8N,0725244.9E,82,NIL,COCONUT TREE
32/APCH14/TKOF,TREE,190436.5N,0725245.8E,72,NIL,GROUP OF TREES (COCONUT)
32/APCH14/TKOF,TREE,190437.2N,0725247.6E,73,NIL,GROUP OF TREES (COCONUT)
32/APCH14/TKOF,TREE,190438.2N,0725249.4E,73,NIL,COCONUT TREE
32/APCH14/TKOF,TREE,190439.8N,0725251.1E,78,NIL,COCONUT TREE
32/APCH14/TKOF,BUILDING,190442.1N,0725240.9E,62,NIL,BUILDING
32/APCH14/TKOF,OTHER,190444.7N,0725241.9E,43,NIL,APPROACH LIGHT
32/APCH14/TKOF,OTHER,190446.4N,0725236.8E,31,NIL,HOARDING
32/APCH14/TKOF,POLE,190446.5N,0725236.1E,30,NIL,LIGHT POLE
32/APCH14/TKOF,OTHER,190448.1N,0725238.2E,29,NIL,APPROACH LIGHT
32/APCH14/TKOF,ANTENNA,190445.8N,0725239.9E,32,LGTD,LLZ 14
32/APCH14/TKOF,BUILDING,190445.4N,0725237.9E,42,LGTD,LLZ BUILDING
32/APCH14/TKOF,OTHER,190442.7N,0725247.7E,52,NIL,CHIMNEY ON BUILDING
32/APCH14/TKOF,ANTENNA,190439.5N,0725244.5E,68,NIL,ANTENNA ON BUILDING
32/APCH14/TKOF,BUILDING,190434.4N,0725246.4E,70,NIL,BUILDING
32/APCH14/TKOF,BUILDING,190435.5N,0725246.3E,67,NIL,BUILDING
32/APCH14/TKOF,BUILDING,190435.4N,0725247.1E,66,NIL,BUILDING
32/APCH14/TKOF,BUILDING,190439.0N,0725247.1E,58,NIL,BUILDING
32/APCH14/TKOF,BUILDING,190439.0N,0725249.7E,70,NIL,BUILDING
32/APCH14/TKOF,BUILDING,190439.5N,0725249.5E,66,NIL,BUILDING
32/APCH14/TKOF,OTHER,190442.2N,0725248.2E,61,NIL,HOARDING ON BUILDING
32/APCH14/TKOF,BUILDING,190435.5N,0725300.8E,86,NIL,BUILDING
32/APCH14/TKOF,BUILDING,190314.9N,0725404.8E,194,NIL,BUILDING
32/APCH14/TKOF,POLE,190441.6N,0725239.4E,44,NIL,LIGHT POLE
32/APCH14/TKOF,POLE,190441.3N,0725239.0E,42,NIL,LIGHT POLE
32/APCH14/TKOF,POLE,190441.6N,0725238.5E,47,NIL,LIGHT POLE
32/APCH14/TKOF,POLE,190442.4N,0725236.9E,47,NIL,LIGHT POLE
32/APCH14/TKOF,POLE,190442.9N,0725236.0E,51,NIL,LIGHT POLE
32/APCH14/TKOF,POLE,190442.2N,0725237.6E,50,NIL,LIGHT POLE
32/APCH14/TKOF,OTHER,190426.2N,0725252.8E,85,NIL,PYLON
32/APCH14/TKOF,ANTENNA,190433.1N,0725252.7E,85,NIL,ANTENNA ON BUILDING
32/APCH14/TKOF,TREE,190445.9N,0725247.2E,61,NIL,GROUP OF TREES
32/APCH14/TKOF,TREE,190444.9N,0725247.0E,56,NIL,TREE
32/APCH14/TKOF,TREE,190439.9N,0725244.6E,70,NIL,COCONUT TREE
32/APCH14/TKOF,TREE,190436.2N,0725247.4E,70,NIL,GROUP OF TREES (COCONUT)
32/APCH14/TKOF,TREE,190441.2N,0725245.4E,52,NIL,TREE
32/APCH14/TKOF,TREE,190441.8N,0725246.0E,53,NIL,TREE
32/APCH14/TKOF,BUILDING,190315.9N,0725359.3E,224,NIL,BUILDING
32/APCH14/TKOF,BUILDING,190323.1N,0725413.2E,201,NIL,BUILDING
32/APCH14/TKOF,BUILDING,190321.6N,0725413.4E,218,NIL,BUILDING
32/APCH14/TKOF,BUILDING,190314.7N,0725406.3E,197,NIL,BUILDING
32/APCH14/TKOF,BUILDING,190323.5N,0725411.2E,195,NIL,BUILDING
32/APCH14/TKOF,BUILDING,190315.6N,0725400.7E,206,NIL,BUILDING
32/APCH14/TKOF,BUILDING,190337.3N,0725414.4E,193,NIL,BUILDING
32/APCH14/TKOF,BUILDING,190333.6N,0725413.3E,193,NIL,BUILDING
32/APCH14/TKOF,BUILDING,190434.8N,0725258.6E,77,NIL,BUILDING
In circling area and at AD,BUILDING,190436.2N,0725407.0E,197,NIL,BUILDING
In circling area and at AD,BUILDING,190447.1N,0725248.5E,54,NIL,BUILDING
In circling area and at AD,TREE,190432.5N,0725404.3E,229,NIL,MAST ON BUILDING
In circling area and at AD,OTHER,190427.3N,0725247.6E,112,NIL,PYLON
In circling area and at AD,ANTENNA,190441.1N,0725259.6E,119,NIL,ANTENNA TOP ON BUILDING
In circling area and at AD,ANTENNA,190442.9N,0725235.1E,61,NIL,ANTENNA TOP ON BUILDING
In circling area and at AD,ANTENNA,190450.7N,0725247.3E,74,NIL,ANTENNA TOP ON BUILDING
In circling area and at AD,BUILDING,190447.5N,0725250.5E,79,NIL,BUILDING
In circling area and at AD,TREE,190445.9N,0725252.3E,72,NIL,COCONUT TREE
In circling area and at AD,OTHER,190315.0N,0725258.4E,267,NIL,PYLON
In circling area and at AD,BUILDING,190438.7N,0725309.2E,156,NIL,BUILDING
In circling area and at AD,BUILDING,190431.6N,0725315.2E,147,NIL,BUILDING
In circling area and at AD,OTHER,190403.7N,0725356.3E,205,NIL,HOARDING ON BUILDING
In circling area and at AD,BUILDING,190436.6N,0725310.8E,149,NIL,BUILDING
In circling area and at AD,ANTENNA,190431.2N,0725244.6E,89,LGTD,CELLPHONE MAST ON BUILDING
In circling area and at AD,BUILDING,190319.2N,0725327.4E,198,NIL,BUILDING
In circling area and at AD,BUILDING,190319.5N,0725322.9E,196,NIL,BUILDING
In circling area and at AD,OTHER,190401.7N,0725357.4E,193,NIL,PYLON
In circling area and at AD,OTHER,190335.8N,0725324.0E,234,NIL,PYLON
In circling area and at AD,OTHER,190335.3N,0725322.4E,208,NIL,PYLON
In circling area and at AD,BUILDING,190401.2N,0725210.3E,263,NIL,BUILDING
In circling area and at AD,BUILDING,190320.9N,0725220.4E,253,NIL,BUILDING
In circling area and at AD,OTHER,190229.9N,0725317.7E,418,NIL,CHIMNEY
In circling area and at AD,OTHER,190503.8N,0725223.3E,24,NIL,HOARDING
In circling area and at AD,OTHER,190454.4N,0725233.5E,28,NIL,HOARDING
In circling area and at AD,OTHER,190452.0N,0725231.7E,27,NIL,HOARDING
In circling area and at AD,OTHER,190454.8N,0725235.2E,27,NIL,HOARDING
In circling area and at AD,OTHER,190459.7N,0725231.1E,45,LGTD,WIND SOCK
In circling area and at AD,POLE,190500.1N,0725217.1E,38,NIL,LIGHT POLE
In circling area and at AD,OTHER,190452.6N,0725239.8E,29,NIL,AIRPORT BOUNDARY WALL
In circling area and at AD,POLE,190447.8N,0725241.1E,30,NIL,LIGHT POLE
In circling area and at AD,OTHER,190508.5N,0725234.3E,126,NIL,SMR 2
In circling area and at AD,BUILDING,190318.9N,0725349.6E,191,NIL,BUILDING
In circling area and at AD,POLE,190444.0N,0725233.9E,47,NIL,LIGHT POLE
In circling area and at AD,OTHER,190315.5N,0725257.7E,259,NIL,PYLON
In circling area and at AD,OTHER,190440.2N,0725237.6E,49,NIL,HOARDING
In circling area and at AD,BUILDING,190305.6N,0725350.5E,210,NIL,BUILDING
In circling area and at AD,TREE,190500.1N,0725216.5E,67,NIL,GROUP OF TREES
In circling area and at AD,TREE,190457.8N,0725215.6E,77,NIL,GROUP OF TREES
In circling area and at AD,BUILDING,190439.3N,0725302.6E,120,NIL,BUILDING
In circling area and at AD,OTHER,190443.5N,0725257.5E,101,NIL,STAIRCASE ON BUILDING (MUMTEE)
